Part Description,Supplier,Part # OEM,Machine,Location Shelf and Bin,Alternate part Number,Alternate Manufacturer,NOTES,
Brass Cap,Apilion,M510020713,Zublin,Shelf A-2 Bin 1-2,,,
Pendant(remote control for support),Apilion,1014.2989,Zublin,Shelf A-1 Bin 3-5,,,
Spring Element (new),Apilion,M5148919,Zublin,Shelf A-2 Shelf 1-4,,,,
Wire Guide Lower 4-8mm (round),Apilion,M51369060109,Zublin,Shelf A-1 Bin 5-6,,,
Ball valve cooling system(DN06),Apilion,1017.0563,Zublin,,,,
Bushing wire feed by welder (large),Apilion,D172 A15.0x36,Zublin,Shelf A-1 Bin 5-4,,,
Wire transport roller w/bearing wire feed,Apilion,1017.2021,Zublin,Shelf A-1 Bin 3-4,,,
Wire transport roller,Apilion,M48130202,Zublin,Shelf A-1 Bin 3-4,,,
Cylinder block,Apilion,M51557,Zublin,,,,
Gear box for support new syle (alternative parts 1017.7142),Apilion,M51561,Zublin,,,,
Repair set for support gear box(worm wheel endless gear),Apilion,1017.7142,Zublin,,,,
Protective sleeve 320x1100 (4 reqd),Apilion,1017.2423,Zublin,,,,
Hose clamp 60-80 (4reqd),Apilion,D3017 60-80,Zublin,,,,
Hose clamp 110-130 (4 reqd),Apilion,D3017 110-130,Zublin,,,,
Hose clamp 80-100/9mm (4 reqd),Apilion,D3017 80-100,Zublin,,,,
Slide bush 7070DU for support (4 reqd),Apilion,1017.1300,Zublin,Shelf A-2 Bin 1-3,,,
Expansion bellow 900mm spindle protection (2reqd),Apilion,1017.4911,Zublin,,,,
Spindle,Apilion,M510500303,Zublin,,,,
Head for spindle 40 x 7 for support,Apilion,1017.0046,Zublin,Shelf A-2 Bin 1-2,,,
Plastic guide ring for gear box support (2 reqd),Apilion,1017.3727,Zublin,,,,
Spur wheel m=4 z=20 (white),Apilion,M510960307,Zublin,Shelf A-2 Bin 1-3,,,
Spur wheel m=4 z=19 (metal),Apilion,M513800309,Zublin,,,,
Brake Spare parts for circumferential wire reel brake,Apilion,M51550,Zublin,Shelf A-3 Bin 1-2,,,
Transformer welding,Apilion,M51685,Zublin,,,,
Current connection for transformer (pair),Apilion,M5138731,Zublin,,,,
Tranformer connection straps,Apilion,M5139832,Zublin,,,,
Vent plug EP320 20mm hole,Apilion,1017.4553,Zublin,Shelf A-1 Bin 7-5,,,
Vent plug EP320 11mm hole,Apilion,1017.4554,Zublin,Shelf A-1 Bin 7-5,,,
Shear Blade,Apilion,M515622202,Zublin,,,,
Shear brush (conical) for cutting device 5-7mm,Apilion,M513222206,Zublin,Shelf A-1 Bin 6-1,,,
Conical brush 1:10 5-6mm,Apilion,M513222208,Zublin,Shelf A-1 Bin 6-1,,,
Wire brushspiral,Apilion,1017.6082,Zublin,Shelf A-1 Bin 7-3,,,
Current connection welding head lamellar,Apilion,1017.4174,Zublin,Shelf A-2 Bin 1-2,,,
Adapter ring wire guide with bushing front part,Apilion,M509460414,Zublin,Shelf A-1 Bin 5-4,,,
Contact bridge 4-5mm for slide die,Apilion,M51414060105,Zublin,Shelf A-1 Bin 5-5,,,More in Shelf A-2 Bin 1-2
Current connection 50x18x155,Apilion,M513780711,Zublin,Shelf A-2 Bin 1-2,,,
Guiding arm,Apilion,M514430401,Zublin,Shelf A-2 Bin 1-2,,,
Cut off device 4.5-5.5mm cpmplet w/o interlock,Apilion,M5156222,Zublin,,,,
Slide die compl. 5.0mm rocking,Apilion,M512920601,Zublin,,,,
Link rocker,Apilion,M50408060102,Zublin,Shelf A-1 Bin 6-1,,,
Precision bolt slide die (shoulder bolt),Apilion,D610 8 x 50,Zublin,,,,
Bushing for guide block (small),Apilion,D172 A10.0x25,Zublin,,,,
Bushing (large),Apilion,D179B 5.1x16,Zublin,Shelf A-1 Bin 6-1,,,
Gear receiver,Apilion,M514900210,Zublin,Shelf A-2 Bin 1-1,,,
Lever right,Apilion,M514900235,Zublin,Shelf A-2 Bin 1-1,,,
Lever left,Apilion,M514900236,Zublin,Shelf A-2 Bin 1-1,,,
Guiding bolt complete welding head,Apilion,M514890703,Zublin,Shelf A-2 Bin 1-2,,,
Pressure gauge 0-4 bar for cooling,Apilion,1017.0267,Zublin,Shelf A-1 Bin 6-3,,,
Seal ring green for hydraulic pipe,Apilion,1017.7506,Zublin,,,,
Moving bush (6208),Apilion,1017.3196,Zublin,Shelf A-1 Bin 4-4,,,
Moving bush (GE 17C),Apilion,1017.3266,Zublin,Shelf A-1 Bin 5-2,,,
Moving bush (32007X),Apilion,1017.2981,Zublin,Shelf A-1 Bin 4-5,,,
Current supply left (cooling plate),Apilion,M510020714,Zublin,Shelf A-2 Bin 1-2,,,
Current supply right (cooling plate),Apilion,M510020719,Zublin,,,,
Limit switch for gate and cage retainer,Apilion,1014.3092,Zublin,,,,
Motor protection switch (3RV1011-1KA15),Apilion,1014.3475,Zublin,Shelf A-1 Bin 3-1,,,
Aux. switch for 3RV10113RV1901-1E,Apilion,na,Zublin,,,,
Fork head complete for spring element,Apilion,M514891912,Zublin,Shelf A-1 Bin 6-4,,,
Insulating bushing (10 reqd),Apilion,M514890712,Zublin,Shelf A-1 Bin 7-5,,,
Insulating plates (2 reqd),Apilion,M509460707,Zublin,Shelf A-1 Bin 7-5,,,
Insulating washer (2 reqd),Apilion,M504180722,Zublin,Shelf A-1 Bin 7-5,,,
Collector PH 100MMLG (19 reqd),Apilion,1014.1459,Zublin,Shelf A-1 Bin 2-4,,,
Collector PE 100MMLG (2 reqd),Apilion,1014.1474,Zublin,Shelf A-1 Bin 2-4,,,
Pressure spring A7X40x85,Apilion,1017.2662,Zublin,Shelf A-1 Bin 6-6,,,
Seal kit for cutting cylinder(Square),Apilion,1017.5096,Zublin,,,,
Cylinder pin,Apilion,D6325 5x 36,Zublin,,,,
Hyd. pipe short,Apilion,M513912301,Zublin,,,,
Hyd. pipe long,Apilion,M513912302,Zublin,,,,
Ground wheel,Apilion,M510130710,Zublin,,,,
Weld wheel 10,Apilion,M510130715,Zublin,,,,
Shaft nut,Apilion,1017.2686,Zublin,,,,
Nilos Ring,Apilion,1017.3372,Zublin,Shelf A-1 Bin 5-3,,,
Lock Washer,Apilion,1017.2725,Zublin,Shelf A-1 Bin 5-3,,,
Fuse NH-1 200A/500V (3 reqd),Apilion,1014.1831,Zublin,Shelf A-1 Bin 2-1,,,
Fuse 630A/660V (3 reqd),Apilion,1014.1885,Zublin,Shelf A-1 Bin 4-3,,,
Oil level/temp. switch for hydraulic aggregate,Apilion,1014.3181,Zublin,,,,
Grease Pipe,Apilion,M45960721,Zublin,Shelf A-1 Bin 5-2,,,
Snap Ring,Apilion,D471 40x1.75,Zublin,Shelf A-1 Bin 5-3,,,
Grease Fitting,Apilion,1013.2503,Zublin,Shelf A-1 Bin 5-2,,,
Electrode holder welding roller side,Apilion,M514430705,Zublin,Shelf A-2 Bin 1-3,,,
Electrode holder contact roller,Apilion,M514430706,Zublin,Shelf A-2 Bin 1-3,,,
Swivel arm ground side,Apilion,M509900701,Zublin,Shelf A-2 Bin 1-2,,,
Swivel arm weld side,Apilion,M509900702,Zublin,Shelf A-2 Bin 1-2,,,
Copper bridge weld side watercooled,Apilion,M514890707,Zublin,Shelf A-2 Bin 1-2,,,
Copper bridge contact side watercooled,Apilion,M514890708,Zublin,Shelf A-2 Bin 1-2,,,
Plate spring ($25/100),Apilion,1017.4173,Zublin,,,,
Washer 13.0,Apilion,D43313,Zublin,Shelf A-1 Bin 6-5,Various sizes,,
Pressure piece,Apilion,M513780720,Zublin,Shelf A-1 Bin 6-5,,,
Distance bushing5mm for welding head,Apilion,M514890718,Zublin,Shelf A-1 Bin 5-2,,,
Transducer (BTL5-A11-M0650-P-S32) 650mm,Apilion,1014.2653,Zublin,Shelf A-2 TOP Shelf,,,
Captive magnet for transducer,Apilion,1014.2654,Zublin,Shelf A-1 Bin 7-4,,,
Fan unit set complete for cooling system,Apilion,1017.6417,Zublin,,,,
Prox sensor Initiator IGA 3005,Apilion,1014.2135,Zublin,Shelf A-1 Bin 7-4,,,
Frequency convertor 45KW(MDX60A0450-503-4-00),Apilion,1014.3276,Zublin,,,,
Bearing wire feed unit,Apilion,1017.3126,Zublin,,,,
Stiffening plate for wire guide tubes,Apilion,M51564063003,Zublin,,,,
Bushing 5mm up to 6.5mm for slide die hole =7mm,Apilion,M514812205,Zublin,Shelf A-1 Bin 3-6,,,
Limit switch for wire transport cover,Apilion,1014.1054,Zublin,Shelf A-1 Bin 7-6,,,
Emergency stop mushroom button,Apilion,1014.4034,Zublin,,,,
Bearing wire reel (6022-2Z),Apilion,1017.343,Zublin,,,,
Bearing wire reel (6018-2RS1),Apilion,1017.3148,Zublin,,,,
Potentiometer,Apilion,1014.122,Zublin,,,,
Knob Potentiometer,Apilion,1014.1122,Zublin,Shelf A-1 Bin 7-4,,,
Shear Bushing,,M517692207,Zublin,Shelf A-1 Bin 4-1,,,
Spring Element Clip,,1013.2247,Zublin,Shelf A-1 Bin 4-2,,,
Spring Element Pin,,M514890717,Zublin,Shelf A-1 Bin 4-2,,,
Square Valve Rebuild Kit,,1075096,Zublin,Shelf A-1 Bin 4-3,,,
Green O Ring,,1017. 4340,Zublin,Shelf A-1 Bin 4-3,,,
Mounting Bolt For Spring Element,,M5120502,Zublin,Shelf A-1 Bin 5-1,,,
Snap ring,,D471 30X1.5,Zublin,Shelf A-1 Bin 5-3,,,
Snap ring,,D471 65X2.5,Zublin,Shelf A-1 Bin 5-3,,,
Bushing,,D172A 15.0X36,Zublin,Shelf A-1 Bin 5-4,,,
Bushing,,D472A 10X25,Zublin,Shelf A-1 Bin 5-4,,,
Link Rocker Pin,,D6235 5X36,Zublin,Shelf A-1 Bin 6-1,,,
Sheer Bushing,,M514142208,Zublin,Shelf A-1 Bin 6-2,,,
Bushing,,M514142205,Zublin,Shelf A-1 Bin 6-2,,,
Coupling,,1017.5966,Zublin,Shelf A-1 Bin 6-4,,,
Washer,,D125A 1310,Zublin,Shelf A-1 Bin 6-5,,,
Washer,,M47860178,Zublin,Shelf A-1 Bin 6-5,,,
?,,M514900216,Zublin,Shelf A-1 Bin 6-5,,,
Pressure Gauge,,3548K11,Zublin,Shelf A-1 Bin 7-1,,,
?,,M513692203,Zublin,Shelf A-1 Bin 7-2,,,
Switch?,,1017.6186,Zublin,Shelf A-1 Bin 7-6,,,
Power Supply,,1014.1263,Zublin,Shelf A-1 Bin 3-1,,,
Limit Switch,,1014.3147,Zublin,Shelf A-1 Bin 3-1,,,
Fuse Link,,1014.3776,Zublin,Shelf A-1 Bin 3-2,,,
Switch,,1014.4635,Zublin,Shelf A-1 Bin 3-3,,,
Guard,,M5176926100,Zublin,Shelf A-1 Bin 3-3,,,
Bearing (6205-C-2HRS),,na,Zublin,Shelf A-1 Bin 3-6,,,
?,,M48130212,Zublin,Shelf A-1 Bin 4-2,,,
?,,1017.4506,Zublin,Shelf A-1 Bin 3-6,,,
?,,1014.3277,Zublin,Shelf A-1 Bin 3-1,,,
Motor Brushes,,1014.0958,Zublin,Shelf A-1 Bin 3-3,,,
Tachometer,,1014.2539,Zublin,Shelf A-1 Bin 3-3,,,
?,,D6885 06 06 030,Zublin,Shelf A-1 Bin 4-5,,,
Expansion Tank,,1017.7207,Zublin,Shelf A-2 Bin 1-1,,,
Motor,,1017.6055,Zublin,Shelf A-2 Shelf 1-1,,,
Bolts,,D933 12X220,Zublin,Shelf A-2 Shelf 1-2,,,
?,,M515030410,Zublin,Shelf A-2 Shelf 1-2,,,
Gear Box Rebuild Kit?,,1017.8428,Zublin,Shelf A-2 Shelf 1-2,,,
Bolts,,D933 16X100,Zublin,Shelf A-2 Shelf 1-3,,,
?,,RFN7012 50X80,Zublin,Shelf A-2 Shelf 1-3,,,
Varimeter,,1014.4305,Zublin,Shelf A-1 Bin 2-2,,,
Varimeter,,1014.1369,Zublin,Shelf A-1 Bin 2-2,,,
Limit Switch,,1014.3852,Zublin,Shelf A-1 Bin 2-3,,,
?,,100109602,,Shelf A-3 Shelf 1-1,,,
Breaker?,,1014.4548,,Shelf A-3 Shelf 1-2,,,
Clips ?,,1013.2245,,Shelf A-1 Bin 4-5,,,
?,,M48130407,,Shelf A-1 Bin 2-2,,,
Bolt M8X90,,na,,Shelf A-1 Bin 5-1,,,Part 11114808
Bolt M8-1.25X1612.9,,na,,Shelf A-1 Bin 2-5,,,Part 1139586
Bolt M8-1.25X25,,na,,Shelf A-1 Bin 2-5,,,Part 1139588
Bolt M6 1.0X25,,na,,Shelf A-1 Bin 2-5,,,Part 1139956
Bolt M12 1.75X50,,na,,Shelf A-1 Bin 2-5,,,Part 1139658
Proximity sensor,,SAS BSM003709,,Shelf B-4 Bin 1-1,,Eaton Moeller,
Contactor,,XTMC9A10,,Shelf B-4 Bin 1-1,,,
Bolt W/Swivel arm W/Poly Bushing,,na,,Shelf B-4 Bin 1-2,,,
Bolt For Swivel Arm,,FT-006-006,,Shelf B-4 Bin 1-2,,,
Insulating ASC,,FT-007-016,,Shelf B-4 Bin 1-2,,,
Poly Bushing,,FT-006-011,,Shelf B-4 Bin 1-2,,,
Fuse Link 160A,,EL-000-179,,Shelf B-4 Bin 1-3,Siemens 3NA7-836,,
Fuse Link 63A,,EL-000-176,,Shelf B-4 Bin 1-4,Siemens 3NA3-822-7,,
Limit Switch,,LS-S11S-GR,,Shelf B-4 Bin 1-5,,,
Limit Switch Head,,LS-XP,,Shelf B-4 Bin 1-5,,,
Swivel Mount,,S8N-40 D1,,Shelf B-4 Bin 1-6,,,
Trunk Brk Clv Kit,,L077510050,,Shelf B-4 Bin 1-6,,,
?,,EL-000-847,,Shelf B-4 Bin 3-1,IME08-1B5PSZTOS (1040838),Sick,
?,,EL-001-349,,Shelf B-4 Bin 3-1,,,
?,,DAH-000-722,,Shelf B-4 Bin 3-1,,,
?,,HY-001-010,,Shelf B-4 Bin 3-1,,,
Swivel Male Rod Ends,,CM-M12,,Shelf B-4 Bin 2-1,,,
Swivel Flange,,174401,,Shelf B-4 Bin 2-2,PN-000-407,FESTO SNCS-80,
Swivel Flange,,174397,,Shelf B-4 Bin 2-2,PN-000-410,FESTO SNCS-32,
Poly Bolt,,BSM-006-455,,Shelf B-4 Bin 2-3,,,
Spring for Poly Bolt,,na,,Shelf B-4 Bin 2-3,,,
Sliding Bearing,,ME-003-551,,Shelf B-4 Bin 2-3,,,
Lamp Holder & Integr LED 24V,,3SB3-244-6BA70,,Shelf B-4 Bin 2-4,,,
Lamp Holder & Integr LED 24V,,3SB3-244-6BA30,,Shelf B-4 Bin 2-4,,,
Ball Rail Accessory,,R160520080,,Shelf B-4 Bin 2-5,,,
Green Automation Light,,GCX1232-120L,,Shelf B-4 Bin 2-5,,,
Roller For Auto Cutter Poly,,BSM-001-772,,Shelf B-4 Bin 2-6,,,
Sliding Element Poly,,FT-002-011,,Shelf B-4 Bin 2-6,,,
Insulating Bushing Poly,,FT-007-009,,Shelf B-4 Bin 2-6,,,
Merlin Gerin Multi9 5A Type D 277VAC,,C60N,,Shelf B-4 Bin 3-2,Square D MG17426,Eaton FAZ-B5/1-NA-SP,
Contact Kit,,3RT 1944-6A,,Shelf B-4 Bin 3-2,,,
Contacts,,3TY7460-0A,,Shelf B-4 Bin 3-2,,,
Emergency Stop,,3SB3-000-1HA20,,Shelf B-4 Bin 3-3,,,
Key Operated Switch,,3SB3-000-4MF11,,Shelf B-4 Bin 3-3,,,
?,,SAS-2961118,,Shelf B-4 Bin 3-4,,,MPAQ Only
Contact,,SAS-EL-001-736,,Shelf B-4 Bin 3-4,,,
Contact Block,,3SB3-400-0A,,Shelf B-4 Bin 3-5,,,
Relay Base,,PLC-BSC-24DC/21,,Shelf B-4 Bin 3-5,,,
Relay Base,,PLC-BSC-120UC-21,,Shelf B-4 Bin 3-5,,,
Solenoid Coil,,P2E-KV32C1,,Shelf B-4 Bin 3-6,,Parker,
AUX Contact Block,,3RH1921-1EA11,,Shelf B-4 Bin 3-6,,,
AUX Contact Block,,3RH1921-1EA02,,Shelf B-4 Bin 3-6,,,
?,,BSM-012-940,,Shelf B-4 Bin 4-1,,,
?,,BSM-005-119,,Shelf B-4 Bin 4-1,,,
?,,RHB IS0090,,Shelf B-4 Bin 4-1,,,For Robot
Regulator,,PN-000-090,,Shelf B-4 Bin 4-1,,,
?,,EL-000-067,,Shelf B-4 Bin 4-1,,,
MBK Pins,,NT-000-958,,Shelf B-4 Bin 4-2,,,
MBK Pins,,NT-000-717,,Shelf B-4 Bin 4-2,,,
?,,FT-020-120,,Shelf B-4 Bin 4-2,,,Bolts W/bushingspacers and nut
?,,FT-020-135,,Shelf B-4 Bin 4-2,,,Bolts W/bushingspacers and nut
?,,FT-020-136,,Shelf B-4 Bin 4-2,,,Bolts W/bushingspacers and nut
Nuts,,SAS-NT-000-706,,Shelf B-4 Bin 4-5,,,
Rail Caps,,na,,Shelf B-4 Bin 4-3,,,
Bushing,,FT-006-159,,Shelf B-4 Bin 4-3,,,
Gardener Extensions Spring,,na,,Shelf B-4 Bin 4-3,,,0.640X0.0800X4.00
Spacer NON Metallic,,FT-007-008,,Shelf B-4 Bin 4-4,,,
Metal Washer,,FT-007-016,,Shelf B-4 Bin 4-4,,,
MBK Springs,,ME-000-028,,Shelf B-4 Bin 4-4,,,2 sizes of springs in bin
Bushing,,FT-020-120,,Shelf B-4 Bin 4-5,,,
SM Spring,,ME-003-083,,Shelf B-4 Bin 4-5,,,
Element,,FRP-96-653,,Shelf B-4 Bin 4-5,,,
Indicator Light,,EL-002-994,,Shelf B-4 Bin 4-6,3SB3-244-6BA20,Siemens,
Indicator Light,,EL-002-995,,Shelf B-4 Bin 4-6,3SB3-244-6BA40,Siemens,
Cube Magnet,,ME-003-226,,Shelf B-4 Bin 5-2,,,MBK5
?,,BSM-006-765,,Shelf B-4 Bin 5-1,,,
Shims?,,BSM-009-542,,Shelf B-4 Bin 5-1,,,
Sensor,,LCN2-1820N-SRS4/63,,Shelf B-4 Bin 5-1,,,HTM Sensors
Slide,,BSM-012-878,,Shelf B-4 Bin 5-1,,,
?,,BSM-010-807,,Shelf B-4 Bin 5-2,,,
?,,SAS-GS28,,Shelf B-4 Bin 5-2,,,
?,,ME-003-048,,Shelf B-4 Bin 5-2,,,
?,,BSM-012-023,,Shelf B-4 Bin 5-2,,,
?,,PN-001-384,,Shelf B-4 Bin 5-3,,,
?,,ME-003-034,,Shelf B-4 Bin 5-3,,,
?,,NT-000-768,,Shelf B-4 Bin 5-3,,,
?,,BSM-012-874,,Shelf B-4 Bin 5-3,,,
Contactor,,EL-005-060,,Shelf B-4 Bin 5-3,3SU1400-1AA10-3CA0,Siemens,
Positioning Sensor,,EL-003-178,,Shelf B-4 Bin 5-3,MPS-064TSTPO(PN1045668),Sick,
?,,BSM-014-719,,Shelf B-4 Bin 5-3,,,
Hub Bolt,,BSM-007-390,,Shelf B-4 Bin 5-4,FHS100814-025M1,,M8X14 7991-10.9 Full THD
Deflector Rollers W/Washers,,BSM-013-317,,Shelf B-4 Bin 5-4,,,
Hub Bolt,,BSM-013-440,,Shelf B-4 Bin 5-4,,,
Bearing (6904-2RS),,SAS-ME-000-264,,Shelf B-4 Bin 5-4,6904-2RS – 6904-2RS-7CX,SpinCo – Shuster,
Bearing (608-2RS),,SAS-ME-002-698,,Shelf B-4 Bin 5-5,,,
Distance Sleeve,,BSM-002-710,,Shelf B-4 Bin 5-5,,,
Wire Guide Pulley,,BSM-002-753,,Shelf B-4 Bin 5-5,,,
Bearing (5620-RS),,ME-000-283,,Shelf B-4 Bin 5-5,,,
?,,BSM-007-880,,Shelf B-4 Bin 5-6,,,
Spring,,ME-003-535,,Shelf B-4 Bin 5-6,,,MBK Spring Brake parts
?,,BSM-007-591,,Shelf B-4 Bin 5-6,,,
?,,BSM-007-767,,Shelf B-4 Bin 5-6,,,
Distance Tube,,RSL-000-794,,Shelf B-4 Bin 6-1,,,
Wire Guide Pulley,,RSL-000-791,,Shelf B-4 Bin 6-1,,,
Bearing (LR5007-2RS),,LR5007,,Shelf B-4 Bin 6-2,,,
?,,BSM-012-554,,Shelf B-4 Bin 6-2,,,
?,,NT-007-399,,Shelf B-4 Bin 6-2,,,
?,,SAS-PN-001-736,,Shelf B-4 Bin 6-2,ADNGF-32-25-PA (J63WYJSKRW),Festo,
?,,BSM-005-211,,Shelf B-4 Bin 6-2,,,
?,,EL-002-636-01,,Shelf B-4 Bin 6-3,66248 (0976-PMC-101),Belden,
?,,BSM-012-793,,Shelf B-4 Bin 6-3,,,
Brake Pad,,BSM-007-404,,Shelf B-4 Bin 6-3,,,
Standard Base Cylinder,,FES-ESNU-16-50-P-A,,Shelf B-4 Bin 6-3,19265,Festo,
?,,ME-003-834,,Shelf B-4 Bin 6-4,,,
?,,ME-003-529,,Shelf B-4 Bin 6-4,,,
?,,BSM-006-773,,Shelf B-4 Bin 6-4,,,
?,,BSM-012-832,,Shelf B-4 Bin 6-4,,,
Potentiometer,,EL-001-549,,Shelf B-4 Bin 6-4,,,1 Potentiometer Parts
?,,ME-003-954,,Shelf B-4 Bin 6-5,GFM-283239-20,Igus,
?,,ME-002-679,,Shelf B-4 Bin 6-5,,,
Bus Terminating Plug,,El-004-557,,Shelf B-4 Bin 6-5,7000-14041-0000000,Murr Elektronik,
?,,SAS-PN-001-733,,Shelf B-4 Bin 6-5,,,
O Ring,,PN-000-736,,Shelf B-4 Bin 6-5,,,
Inline Filter/Dryer Disposable,,DFD-10,,Shelf B-4 Bin 6-5,,,
Snap ring,,NT-000-067,,Shelf B-4 Bin 6-6,,,
Snap ring,,NT-000-010,,Shelf B-4 Bin 6-6,,,
?,,PN-000-117,,Shelf B-4 Bin 6-6,,,
?,,PN-000-049,,Shelf B-4 Bin 6-6,,,
Pressure Gauge (160PSI),,GC230-0,,Shelf B-4 Bin 6-6,,,
O Ring,,HY-000-908,,Shelf B-4 Bin 7-1,,,
O Ring,,PN-001-314,,Shelf B-4 Bin 7-1,,,
O Ring,,HY-000-900,,Shelf B-4 Bin 7-1,,,
O Ring,,HY-000-919,,Shelf B-4 Bin 7-1,,,
?,,BSM-008-720,,Shelf B-4 Bin 7-1,,,
?,,ME-003-044,,Shelf B-4 Bin 7-1,,,
Contactor,,3RT2046-1KB40,,Shelf B-3 Bin 1-1,,Siemens,AC3 95A 400KV 24VDC Coil
Contactor,,3RT2025-1BB40,,Shelf B-3 Bin 1-2,,Siemens,AC3 17A 400V 7.5KW 24VDC Coil
Contactor,,3RT2026-1BB40,,Shelf B-3 Bin 1-2,,Siemens,AC3 25A 400V 11KW 24VDC Coil
Contactor,,100-C37KN00,,Shelf B-3 Bin 1-3,,,NO Aux Contact 400V 3 Poles
AUX Switch Block,,3RH1921-1DA11,,Shelf B-3 Bin 1-3,,,10A 240V
Surge Suppressor,,3RT2916-1EH00,,Shelf B-3 Bin 1-3,,,
Contactor,,3RT2036-1AB00,,Shelf B-3 Bin 1-4,,,AC3 51A 400V 22KW 24VAC Coil
Contactor,,3RT2036-1AK60,,Shelf B-3 Bin 1-4,,,AC3 51A 400V 22KW 120VAC Coil
Circuit Breaker,,1014.3475,,Shelf B-3 Bin 1-5,PKZM01-12,Eaton,
Circuit Breaker,,PKZM0-0.4,,Shelf B-3 Bin 1-5,,,
Circuit Breaker,,PKZM0-16,,Shelf B-3 Bin 1-5,,,
Contactor,,LCD1D32G7,,Shelf B-3 Bin 1-6,,,
Reversing Contactor,,LC2D18F7,,Shelf B-3 Bin 1-6,,,
Power Base,,LUB12,,Shelf B-3 Bin 1-6,,,
Auxiliary Switch Block,,3RH1911-1GA04,,Shelf B-3 Bin 2-1,,,10A 240V
Auxiliary Switch Block,,3RH1921-1HA22,,Shelf B-3 Bin 2-1,,,
Auxiliary Switch Block,,3RH2911-1GA22,,Shelf B-3 Bin 2-1,,,10A 240V
Auxiliary Switch Block,,3RH1911-1GA22,,Shelf B-3 Bin 2-1,,,
?,,3RU2116-1CB1,,Shelf B-3 Bin 2-1,,,
Overload Relay,,XTOE020BCS-GR1ZEB 12-20,,Shelf B-3 Bin 2-2,,,
Encoder Input Unit,,NX-ECO142,,Shelf B-3 Bin 2-2,,,
Overload Relay,,RW17-1D3-D012,,Shelf B-3 Bin 2-2,,,
Auxiliary Switch Block,,3RH1911-1FA22,,Shelf B-3 Bin 2-3,,,10A 240V
Circuit Breaker,,1014-2188,,Shelf B-3 Bin 2-3,PKZM0-16,,
Contactor,,3RH2131-1BB40,,Shelf B-3 Bin 2-3,,,AC15 10A 230V 31E 3NO+1NC 24VDC
Contactor,,3RT1016-1BB41,,Shelf B-3 Bin 2-4,,,AC3 9A 400V 4KW 24VDC
Contactor,,3RT2016-1BB41,,Shelf B-3 Bin 2-4,3001-0836,,
Relay,,LRD12L,,Shelf B-3 Bin 2-4,,,
Terminal Block,,LAD7B106,,Shelf B-3 Bin 2-5,,,
Overload Relay,,48TE3S00,,Shelf B-3 Bin 2-5,,,
Contactor,,3RT2016-1BB42,,Shelf B-3 Bin 2-5,,,
Circuit Breaker,,3RV1011-1KA15,,Shelf B-3 Bin 2-6,1014-3475,,
Contactor,,3RT1016-1BB42,,Shelf B-3 Bin 2-6,,,AC3 4KW 400V 240VDC 3Phase
Circuit Breaker,,3RV1011-1KA10,,Shelf B-3 Bin 2-6,,,
Contactor,,3RT2026-1BB40-1AA0,,Shelf B-3 Bin 3-1,,,400V AC 3Pole 25A 24VDC AUX
Thermal Overload Relay,,3RU2116-1CC1,,Shelf B-3 Bin 3-1,,,
Circuit Breaker,,3RU1021-0KA10,,Shelf B-3 Bin 3-2,,,
Solid State Overload Relay,,3UB8123-4DW2,,Shelf B-3 Bin 3-2,,,
Circuit Breaker,,3RV1011-1KA15,,Shelf B-3 Bin 3-3,,,
Thermal Overload Relay,,3RU2016-1CB1,,Shelf B-3 Bin 3-3,,,600VAC
Contact Kit 3 Poles,,CLMCK03,,Shelf B-3 Bin 3-4,,,
Contactor Reversing Comb,,3RT2017-1AK62,,Shelf B-3 Bin 3-4,,,20A 600V 120VAC Coil
Contactor Relay,,3RH2140-1BB40,,Shelf B-3 Bin 3-5,SAS-EL-001-630,,
Contactor Reversing Comb,,3RA2315-8XB30-1AK6,,Shelf B-3 Bin 3-5,,,
Control Relay,,3TH42-80-0AK6,,Shelf B-3 Bin 3-6,,,120V
Circuit Breaker 3 Pole,,FAZ-D5/3-NA,,Shelf B-3 Bin 3-6,,,480/277VAC
Multifunction Control Unit,,LUCM12BL,,Shelf B-3 Bin 3-6,,,
Thermal Overload Relay,,ESP200,,Shelf B-3 Bin 3-6,,,
Power Base,,LUB32,,Shelf B-3 Bin 4-1,,,
Multifunction Control Unit,,LUC12BL,,Shelf B-3 Bin 4-2,,,
Power Base,,LUB12,,Shelf B-3 Bin 4-2,,,
Multifunction Control Unit,,LUCM32BL,,Shelf B-3 Bin 4-2,,,
AUX Contactor,,3RH1131-1BB40,,Shelf B-3 Bin 4-3,,,
Protective Switch,,NHI11-PKZO,,Shelf B-3 Bin 4-3,,,
Contactor,,87560644-0484001773/0079-8,,Shelf B-3 Bin 4-4,,Demag,115V
Manual Motor Starter,,MS325-6.3,,Shelf B-3 Bin 4-4,,,
Overload Evaluator Switch,,FAW-1,,Shelf B-3 Bin 4-5,,Demag,120V
Contactor,,DSUB111,,Shelf B-3 Bin 4-5,,,220V
Contactor,,LC1D09BL,,Shelf B-3 Bin 4-6,,,9A 24VDC
Contactor  NON Reversing,,LC1D32BL,,Shelf B-3 Bin 4-6,,,600VAC 32A 3P 24VDC
Contactor  NON Reversing,,LC1D12BL,,Shelf B-3 Bin 5-1,,,600VAC 12A 3P 24VDC
Motor Starter Protector,,GV2P14,,Shelf B-3 Bin 5-1,,,690V 6-10A 3P Screw Clamp
Motor Starter Protector,,GV2P07,,Shelf B-3 Bin 5-2,,,690V 1.6-2.5A 3P Screw Clamp
Contactor  NON Reversing,,LC1D18BL,,Shelf B-3 Bin 5-2,,,3P 18A 1NO/1NC 24VDC
Motor Starter Protector,,GV2P20,,Shelf B-3 Bin 5-3,,,690V 13-18A 3P Screw Clamp
Circuit Breaker,,GV2P32,,Shelf B-3 Bin 5-3,,,690V 24-32A 3P Screw Clamp
Fuse,,JTD-150-ID,,Shelf D-2 Bin 1-1,,,
Fuse,,JTD-200-ID,,Shelf D-2 Bin 1-1,,,
Fuse,,FLNR-200-ID,,Shelf D-2 Bin 1-1,,,
Fuse,,AJT-200,,Shelf D-2 Bin 1-2,,,
Fuse,,TR-200-R-ID,,Shelf D-2 Bin 1-2,,,
Fuse,,FRN-R-200,,Shelf D-2 Bin 1-2,,,
Fuse,,ECRS-200,,Shelf D-2 Bin 1-3,,,
Fuse,,FRS-R-200,,Shelf D-2 Bin 1-3,,,
Fuse,,FLSR-150-ID,,Shelf D-2 Bin 1-3,,,
Fuse,,ECRS-400,,Shelf D-2 Bin 1-4,,,
Fuse,,NLS-400,,Shelf D-2 Bin 1-4,,,
Fuse,,LPJ-200 AMP SP,,Shelf D-2 Bin 1-5,,,
Fuse,,ECNR-50 AMP,,Shelf D-2 Bin 1-5,,,
Fuse,,TCF-80,,Shelf D-2 Bin 1-6,,,
Fuse,,JTD-125 AMP ID,,Shelf D-2 Bin 1-6,,,
Fuse,,FRS-R-125 AMP,,Shelf D-2 Bin 1-6,,,
Fuse,,FLSR 5-6/10 ID,,Shelf D-2 Bin 2-1,,,
Fuse,,FLSR-15 ID,,Shelf D-2 Bin 2-1,,,
Fuse,,TRS5R-5 AMP,,Shelf D-2 Bin 2-1,,,
Fuse,,JTD-40-ID,,Shelf D-2 Bin 2-2,,,
Fuse,,JTD-20-ID,,Shelf D-2 Bin 2-2,,,
Fuse,,JTD-10-ID,,Shelf D-2 Bin 2-2,,,
Fuse,,FRS-R-30,,Shelf D-2 Bin 2-3,,,
Fuse,,LPS-RK-100 SP AMP,,Shelf d-2 Bin 2-3,,,
Fuse,,FRS-R-100 AMP,,Shelf D-2 Bin 2-3,,,
Cable Clamps,,4DV33A,,Shelf D-2 Bin 2-4,,,One eight size.
Heavy Duty Wire Connector Set,,16003-3,,Shelf D-2 Bin 2-5,,,
Fuse,,AJT-80,,Shelf D-2 Bin 2-6,,,
Fuse,,ECNR-80,,Shelf D-2 Bin 2-6,,,
Fuse,,FLSR-200,,Shelf D-2 Bin 2-6,,,
S Hooks,,9381T22,,Shelf D-2 Bin 3-1,,,
S Hooks,,9381T51,,Shelf D-2 Bin 3-1,,3501065,
CAT 5 Patch Cords,,na,,Shelf D-2 Bin 3-2,,,
CAT 5 Shielded connectors,,na,,Shelf D-2 Bin 3-3,,,
CAT 5 Shielded In Line Coupler,,ILC-SE08A-SH,,Shelf D-2 Bin 3-3,,,
Cable Connectors BNC,,na,,Shelf D-2 Bin 3-4,,,
Circuit Breaker,,Q0120,,Shelf D-2 Bin 3-5,,,20A 120-240V 50-60Hz
Circuit Breaker,,na,,Shelf D-2 Bin 3-6,,,20A SP Screw In 1 Pole
Mini Light Bulbs,,6S6,,Shelf D-2 Bin 4-1,,,
Mini Light Bulbs,,C234,,Shelf D-2 Bin 4-1,,,
Lithium Batteries,,Panasonic-BR-2/3,,Shelf D-2 Bin 4-1,,,
Knob Switch,,RAD00705,,Shelf D-2 Bin 4-2,9001KS43FBH1SUB,,
Momentary Non Illuminated Button Switch,,9001KR2UH5,,Shelf D-2 Bin 4-3,,,
Operator Switch Illuminated,,9235K143,,Shelf D-2 Bin 4-4,,,
Operator Switch Push/Pull Illuminated,,9235K49,,Shelf D-2 Bin 4-5,,,
Push Twist Release Oper Emergency stop switch,,9235K-338,,Shelf D-2 Bin 4-6,,,
Panel Filler Plate,,ECQF3,,Shelf D-2 Bin 5-1,,,
Right Left Momentary Selector Switch,,9001KS52FBH37,,Shelf D-2 Bin 5-2,,,
Push Button NO Switches,,GCX3115,,Shelf D-2 Bin 5-3,,,
Two Position Key Selector Switch,,9001KS43K10H1,,Shelf D-2 Bin 5-4,,,
Oil Tight Indicator Light,,10250T20IN,,Shelf D-2 Bin 5-5,,,
Standard Pilot Light,,9001KP35,,Shelf D-2 Bin 5-5,,,
Joystick,,71025K52,,Shelf D-2 Bin 5-6,,,
Contact Block,,71025K55,,Shelf D-2 Bin 5-6,,,
Mounting Clip,,71025K45,,Shelf D-2 Bin 5-6,,,
Locking Device Connector,,L1620-C,,Shelf D-2 Bin 6-1,,,20A 480VAC 3 Pole 4 Wire
Turnlok Receptacle,,4760,,Shelf D-2 Bin 6-1,,,15A 277VAC 2P 3W
Lockout For Small 2 Pole Breakers,,na,,Shelf D-2 Bin 6-2,,,
Lock Out For Large Breakers,,OG-80C,,Shelf D-2 Bin 6-3,,,
Lock Out For Large Breakers,,S3823,,Shelf D-2 Bin 6-3,,,
Lockout For Small Breakers,,S3822,,Shelf D-2 Bin 6-4,,,
Lockout For Small Breakers,,491B,,Shelf D-2 Bin 6-4,,,0.281X1.25X0.047
Fender Washer,,na,,Shelf D-2 Bin 6-5,,,
BNC Coup,,BA016,,Shelf D-2 Bin 6-6,,,
BNC To RCA,,na,,Shelf D-2 Bin 6-6,,,
Modular Timer,,80-01-0-240-0000,,Shelf D-2 Bin 7-1,,,
Contactor,,MKS2PIN,,Shelf D-2 Bin 7-1,,,
Relay Base,,ZPY08A,,Shelf D-2 Bin 7-1,,,
Relay Base,,3079H2,,Shelf D-2 Bin 7-2,,,15A 240V
Terminal Block,,WDU6,,Shelf D-2 Bin 7-2,,,
Contact Element,,M22-K01,,Shelf D-2 Bin 7-2,,,
Relay,,LY1N,,Shelf D-2 Bin 7-3,,,24VDC
Relay,,LY1N,,Shelf D-2 Bin 7-3,,,110/120VAC
Relay,,KRPA-11AN-120,,Shelf D-2 Bin 7-3,,,
Conduit Entrance,,E50RA,,Shelf D-2 Bin 7-4,,,
Limit Switch Component,,E50DT3,,Shelf D-2 Bin 7-4,,,
Top Fuse Spring Return Head,,E50DT1,,Shelf D-2 Bin 7-4,,,
Limit Switch Component,,E50SAL,,Shelf D-2 Bin 7-5,,,
Switch Body,,E51SAL,,Shelf D-2 Bin 7-5,,,
Limit Switch Component,,E50DR1,,Shelf D-2 Bin 7-5,,,Side Rotary Standard Spring
Limit Switch Component,,E50DS1,,Shelf D-2 Bin 7-5,,,Top Push Rolling Spring Return
Limit Switch,,D4A-2918N,,Shelf D-2 Bin 7-6,,,
Limit Switch Base,,9007CT54,,Shelf D-2 Bin 7-6,,,
Limit Switch,,D4A-0001N,,Shelf D-2 Bin 7-6,,,
Limit Switch,,AAP2T51Z11,,Shelf D-2 Bin 8-1,,,
Contactor,,MJN2CE-AC120,,Shelf D-2 Bin 8-1,,,
Terminal Block,,EN60947-7-1,,Shelf D-2 Bin 8-2,,,
Terminal Block,,IEC60947-7-1,,Shelf D-2 Bin 8-2,,,
Terminal Block,,IECEx-KEM-06.0027-U,,Shelf D-2 Bin 8-2,,,
Insulated Grip Twistlock,,HBL3764C,,Shelf D-2 Bin 8-3,,,FEM 50A 250VDC 600VAC 3 Pole 4 Wire W/Ground
30MM Joystick,,RAD00480,,Shelf D-2 Bin 8-4,,,
Push Button,,RAD00723,,Shelf D-2 Bin 8-4,,,
Push Button,,RAD00724,,Shelf D-2 Bin 8-4,,,
Push Button,,RAD00724L/B,,Shelf D-2 Bin 8-4,,,
Inductive Prox Head,,E51DS1,,Shelf D-2 Bin 8-5,,,
Inductive Prox Head,,E51DT1,,Shelf D-2 Bin 8-5,,,
?,,XS7-C40FP260H7,,Shelf D-2 Bin 8-5,,,
Inductive Head And Body,,9007C54B2,,Shelf D-2 Bin 8-5,,,
Limit Switch,,RAD6112-SP-A,,Shelf D-2 Bin 8-6,,,
Non Flush ILL Double Push Button,,M22-DDL-S-X7-X7,,Shelf D-2 Bin 9-1,,,
Mounting Adapter,,M22-A4,,Shelf D-2 Bin 9-1,,,
Contact Block,,M22-CK10,,Shelf D-2 Bin 9-1,,,
Push Button,,M22-D4-S-X7,,Shelf D-2 Bin 9-1,,,BLK 4WAY PB SIL-BZL ETCHED
Miscellaneous Clamp Assembly,,na,,Shelf D-2 Bin 9-2,,,
Clamp Assembly,,SP650-8PP,,Shelf D-2 Bin 9-3,,,
Clamp Assembly,,SP648-3PP,,Shelf D-2 Bin 9-3,,,
Clamp Assembly,,SP212-7PP,,Shelf D-2 Bin 9-4,,,
Clamp Assembly,,SP216-PP,,Shelf D-2 Bin 9-4,,,
Clamp Assembly,,SP533-7PP,,Shelf D-2 Bin 9-5,,,
Bushing,,FT-003-014,,Shelf B-6 Shelf 1-4,,,
Limit Switch Head,,9007N,,Shelf D-2 Bin 9-6,,,
Lever Arm,,9007HA1,,Shelf D-2 Bin 9-6,,,
Lever Arm,,9007FA1,,Shelf D-2 Bin 9-6,,,
2” To 1” Reducer,,na,,Shelf D-1 Bin 1-1,,,
2” To ¾” Reducer,,na,,Shelf D-1 Bin 1-1,,,
2” To ½” Reducer,,na,,Shelf D-1 Bin 1-1,,,
2” To 1 ¼” Reducer,,na,,Shelf D-1 Bin 1-1,,,
2” To 1 ½” Reducer,,na,,Shelf D-1 Bin 1-1,,,
2” PVC Coupling,,na,,Shelf D-1 Bin 1-2,,,
1 ½” PVC Coupling,,na,,Shelf D-1 Bin 1-3,,,
1 ½” PVC Male Adapter,,na,,Shelf D-1 Bin 1-4,,,
1” PVC Coupling,,na,,Shelf D-1 Bin 1-5,,,
1” PVC Male Adapter,,na,,Shelf D-1 Bin 1-5,,,
¾” PVC Adaptors,,na,,Shelf D-1 Bin 1-6,,,
¾” PVC Female Adaptors,,na,,Shelf D-1 Bin 1-6,,,
¾” PVC Male Connector,,na,,Shelf D-1 Bin 1-6,,,
1 ¼” To ¾” Reducer,,na,,Shelf D-1 Bin 2-1,,,
¾” To ½” Reducer,,na,,Shelf D-1 Bin 2-1,,,
1 ¼” To 1” Reducer,,na,,Shelf D-1 Bin 2-1,,,
1” To ½” Reducer,,na,,Shelf D-1 Bin 2-1,,,
¾” Flex Cord Connector,,na,,Shelf D-1 Bin 2-2,,,
½’ Flex Cord Connector Aluminum,,SHC1034,,Shelf D-1 Bin 2-3,,,
½” Flex Cord Connector,,na,,Shelf D-1 Bin 2-3,,,
Cable Gland Strain Relief Flex,,CF16NA-BK-N-O,,Shelf D-1 Bin 2-4,,,
Cable Gland Strain Relief,,CD16NA-BK-N-O,,Shelf D-1 Bin 2-4,,,
½” Cable Gland Plastic,,na,,Shelf D-1 Bin 2-5,,,
Metal Nut,,70123699,,Shelf D-1 Bin 2-5,,,
½” PVC Fem Adapter,,na,,Shelf D-1 Bin 2-6,,,
½” PVC Coupling,,na,,Shelf D-1 Bin 2-6,,,
½” PVC Male Adapter,,na,,Shelf D-1 Bin 2-6,,,
Twist Lock Male Cord-In,,PSL715-P,,Shelf D-1 Bin 3-1,,,277VAC 15A 2P 3W
Single White Blank Cover,,TP13-W,,Shelf D-1 Bin 3-2,,,
GFCI 20AMP W/LED Light,,na,,Shelf D-1 Bin 3-3,,,
Female Plug,,HBL2433,,Shelf D-1 Bin 3-4,,,20A 3P 480V
Plug 50A 200V,,na,,Shelf D-1 Bin 3-4,,,
Twist Lock Male Cord-In,,HBL2431,,Shelf D-1 Bin 3-5,,,
½” Nut,,na,,Shelf D-1 Bin 3-6,,,
1” Nut,,na,,Shelf D-1 Bin 3-6,,,
1 ½” Nut,,na,,Shelf D-1 Bin 3-6,,,
2” Nut,,na,,Shelf D-1 Bin 3-6,,,
2 ½” Nut,,na,,Shelf D-1 Bin 3-6,,,
3” Nut,,na,,Shelf D-1 Bin 3-6,,,
GFCI Duplex Receptacle Cover,,915C,,Shelf D-1 Bin 4-1,,,
Single White Switch Cover,,TP1W,,Shelf D-1 Bin 4-2,,,
ADD On Switch Cover,,PJSC1-LA,,Shelf D-1 Bin 4-3,,,
ADD On Switch Cover,,PJSE1-LA,,Shelf D-1 Bin 4-3,,,
Switch Cover,,TP113-LA,,Shelf D-1 Bin 4-3,,,
Double White Receptacle Cover,,001-88016,,Shelf D-1 Bin 4-4,,,
Single White Receptacle Cover,,TP8-W,,Shelf D-1 Bin 4-5,,,
Double White Switch Cover,,TP2-W,,Shelf D-1 Bin 4-6,,,
Combo Receptacle and Switch Cover Galvanized,,na,,Shelf D-1 Bin 5-1,,,
Weather Proof Blank Cover,,WPB1,,Shelf D-1 Bin 5-2,,,
Weather Proof Blank Cover Two Gang,,WPB2,,Shelf D-1 Bin 5-3,,,
Blank Cover Galvanized,,4BC,,Shelf D-1 Bin 5-4,,,
Blank Cover Galvanized,,5BC,,Shelf D-1 Bin 5-4,,,
4 Gang Mud Rings,,na,,Shelf D-1 Bin 5-5,,,
Single Mud Rings,,na,,Shelf D-1 Bin 5-6,,,
Switch Covers Galvanized 4”,,800C,,Shelf D-1 Bin 6-1,,,
Switch Cover Galvanized Single 4”,,C4450,,Shelf D-1 Bin 6-3,,,
Switch Cover Galvanized Double 4”,,803C,,Shelf D-1 Bin 6-2,,,
Receptacle Cover Round Small Hole 4” Galv,,801C,,Shelf D-1 Bin 6-4,,,
Receptacle Cover Round Med Hole 4” Galv,,RS13,,Shelf D-1 Bin 6-5,,,
Receptacle Cover Round LG Hole 4” Galv,,RSL14,,Shelf D-1 Bin 6-6,,,
GFCI Single Galvanized Cover,,C2239,,Shelf D-1 Bin 6-6,,,
Black Electrical Tape,,na,,Shelf D-1 Bin 7-1,,,
Green Electrical Tape,,na,,Shelf D-1 Bin 7-2,,,
White Electrical Tape,,na,,Shelf D-1 Bin 7-3,,,
Silver Electrical Tape,,na,,Shelf D-1 Bin 7-3,,,
Brown Electrical Tape,,na,,Shelf D-1 Bin 7-4,,,
Orange Electrical Tape,,na,,Shelf D-1 Bin 7-5,,,
Yellow Electrical Tape,,na,,Shelf D-1 Bin 7-6,,,
Blue Electrical Tape,,na,,Shelf D-1 Bin 8-1,,,
Red Electrical Tape,,na,,Shelf D-1 Bin 8-2,,,
Electrical Insulating Putty,,na,,Shelf D-1 Bin 8-3,,,
Duct Seal Putty,,na,,Shelf D-1 Bin 8-3,,,
Receptacle Cover Double 4” Galvanized,,C2243,,Shelf D-1 Bin 8-4,,,
Receptacle Cover Single 4” Galvanized,,C3454,,Shelf D-1 Bin 8-5,,,
Plastic Anti Short Bushing,,AS0,,Shelf D-1 Bin 8-6,,,
Rubber Tape,,130C,,Shelf D-1 Bin 9-1,,,
Male Cord In,,5366,,Shelf D-1 Bin 9-2,,,20A 125V
Male Cord In,,PS5366-X,,Shelf D-1 Bin 9-2,,,20A 125V
Female Cord In,,PS5369-X,,Shelf D-1 Bin 9-3,,,20A 125V
Flexcor Strain Release Box Connector,,BOX-70,,Shelf D-1 Bin 9-4,,,
Locking Receptacle Single Grounding,,4760,,Shelf D-1 Bin 9-5,,,15A 277V
Ground Pigtails,,GRPG-1207-BL,,Shelf D-1 Bin 9-6,,,
Protocell W/Stem And Swivel Mount,,K4223C,,Shelf D-1 Bin 10-1,,,208/277V
Protocell W/Stem And Swivel Mount,,K4221C,,Shelf D-1 Bin 10-2,,,120V
Receptacle Single 20A,,5351-W,,Shelf D-1 Bin 10-3,,,
Receptacle Double 20A,,CR20-W,,Shelf D-1 Bin 10-4,,,
Switch 3 Way 20A,,PS20AC3W,,Shelf D-1 Bin 10-5,,,
Switch SP,,CS20AC1-W,,Shelf D-1 Bin 10-6,,,
Plug 3 Pole 20A Nylon,,71620FR,,Shelf D-1 Bin 11-1,,,
FL Switch SFN 5TX,,COM-HW1025,,Shelf A-8 Bin 1-4,,,
FL Switch 1001T 4POE,,COM-HW1029,,Shelf A-8 Bin 1-2,,,
Accu Coder,,POW-M00252-P1-X8E,,Shelf A-8 Bin 1-3,,,
Encoder Input Unit,,COM-EL061Z,,Shelf A-8 Bin 1-3,,,
Photo Sensor,,RAD01600,,Shelf A-8 Bin 1-5,,,
Programmer Module,,MEP230H,,Shelf A-8 Bin 3-3,,,
Amplifier Module,,MEUV1,,Shelf A-8 Bin 3-3,,,
Light Curtain,,ELE-CO1107-P1-G2L,,Shelf A-8 Bin 3-3,,,
Interface Module,,6ES7151-3BA23-0AB0,,Shelf A-8 Bin 3-2,,,
?,,ELE-C05290-RR3C,,Shelf A-8 Bin 3-4,,,
Photoelectric Sensor,,EQ-34-PN-J,,Shelf A-8 Bin 3-5,,,
?,,DT35-B15251,,Shelf A-8 Bin 3-5,,Sick,
Proximity sensor,,COM-ELE2190-GD3,,Shelf A-8 Bin 3-6,,,
White Light Unit,,00-688396,,Shelf A-8 Bin 3-6,M22-CLED-W,,12-30VAC
?,,1053074,,Shelf A-8 Bin 3-6,HW0088,Sick,
Base Unit,,6ES7-193-6BP00-0DA0,,Shelf A-8 Bin 4-1,,,
Digital Output Module,,6ES7-132-6BD20-0BA0,,Shelf A-8 Bin 4-1,,,
Solenoid,,5LE97,,Shelf A-8 Bin 4-1,,,
Locking Assembly C133,,POW-BR0921,,Shelf A-8 Bin 4-2,C133M-30X55,Climax,Pallet Stacker 30MM
Bearing,,ME-003-423,,Shelf A-8 Bin 4-2,LR5007-2RS,,
Flange,,FT-002-015,,Shelf A-8 Bin 4-2,,,
AUX Switch Block,,3RH2911-1FA22,,Shelf A-8 Bin 4-3,,,
Accessory Cabling Kit,,6GK1901-1BB10-2AA0,,Shelf A-8 Bin 4-3,,,
?,,COM-EL1790,,Shelf A-8 Bin 4-3,,,
Link Belt,,ER24,,Shelf A-8 Bin 4-4,,,PLT Clnr
Bearing,,6311-2RSJEM,,Shelf A-8 Bin 4-5,,,
Bearing,,NUTR-50110-A,,Shelf A-8 Bin 4-6,,,
Inner Race,,CF-E2H,,Shelf A-8 Bin 5-1,,,
Sensor,,S18SP6FF100Q,,Shelf B-3 Bin 5-4,,,
PLC Holder,,6ES7193-4CB30-0AA0,,Shelf A-8 Bin 1-1,,,
?,,COM-EL0654,,Shelf A-8 Bin 1-6,,,
Analog Input Module,,6ES7134-4FB01-0AB0,,Shelf A-8 Bin 2-1,,,
Analog Input Module,,6ES7134-4GB01-0AB0,,Shelf A-8 Bin 2-1,,,
Digital Output Module,,6ES7132-4BD32-0AA0,,Shelf A-8 Bin 2-2,,,
Digital Output Module,,6ES7132-4BB31-0AA0,,Shelf A-8 Bin 2-2,,,
Digital Output Module,,6ES7131-4BD01-0AA0,,Shelf A-8 Bin 2-2,,,
Interface Module,,6ES7138-4DB03-0AB0,,Shelf A-8 Bin 2-3,ELE-C01158,,
Power Module,,6ES7138-4CA01-0AA0,,Shelf A-8 Bin 2-3,,,
Digital Output Module,,6ES7138-4FB04-0AB0,,Shelf A-8 Bin 2-3,,,
Terminal Module,,6ES7193-4CF50-0AA0,,Shelf A-8 Bin 2-4,,,
Terminal Module,,6ES7193-4CL30-0AA0,,Shelf A-8 Bin 2-4,,,
Terminal Module,,6ES7193-4CD30-0AA0,,Shelf A-8 Bin 2-4,,,
?,,6ES7138-4DA04-0AB0,,Shelf A-8 Bin 2-4,,,
Proximity Switch,,XUB2AKSWM12T,,Shelf A-8 Bin 2-5,,,
Proximity Switch,,XUB2APBWM12R,,Shelf A-8 Bin 2-6,,,
Module,,6ES7135-4FB01-0AB0,,Shelf A-8 Bin 3-1,,,
Analog Input Module,,6ES7134-4NB01-0AB0,,Shelf A-8 Bin 3-1,,,
Digital Input Module,,6ES7131-4BF00-0AA0,,Shelf A-8 Bin 3-1,,,
Sensor,,LCS1-1812P-ARU4-AMS,,Shelf A-8 Bin 5-2,,,
Accessories,,6SL3065-8AA00-5CA0,,Shelf A-8 Bin 5-2,,,
Belt,,68M81955,,Shelf A-8 Bin 5-2,,Siko,MBR320-0006
Bushing,,POW-BR0015,,Shelf A-8 Bin 5-3,,,
?,,HAR-MI-0250,,Shelf A-8 Bin 5-3,,,
?,,HAR-MI-0271,,Shelf A-8 Bin 5-3,,,
?,,HAR-MI-0273,,Shelf A-8 Bin 5-3,,,
Bearing,,YR-1 ¼ -X-SS,,Shelf A-8 Bin 5-4,,,
Aerial Bearing,,200-011-000,,Shelf A-8 Bin 5-4,,,
Roller Guide,,POW-SG0036,,Shelf A-8 Bin 5-4,,,
Taper Bushing,,2012 1 ¼,,Shelf A-8 Bin 5-5,,,
Guide Rod,,FENG-40-160-GF,,Shelf A-8 Bin 5-5,332549,Festo,
Spring,,HAR-SG-0010,,Shelf A-8 Bin 5-6,,,Shark Fin
Roller,,19YU64,,Shelf A-8 Bin 6-1,,,HTH 75X75/20-75K
?,,POW-BR0914,,Shelf A-8 Bin 6-2,,,2012X 1 ¼ -KW
?,,POW-BR0287,,Shelf A-8 Bin 6-2,,,
Inner Race,,MI-36,,Shelf A-8 Bin 6-3,,,EPAK Shaft
Cage Roll,,MR-44,,Shelf A-8 Bin 6-3,822-AACH-171P-1JO1,SKF,EPAK Shaft
Seal,,27269,,Shelf A-8 Bin 6-3,,,EPAK Shaft 822-AACH-171P-1JO1
Shaft,,S1900221,,Shelf A-8 Bin 6-4,,,EPAK Spigot Turner Motor 0424668/03
Cross Head,,LR207-2RS,,Shelf A-8 Bin 6-5,,,
Sprocket,,POW-SP0460,,Shelf A-8 Bin 6-5,,,60BTB15H-1610
Taper Bushing,,POW-BR0292,,Shelf A-8 Bin 6-5,,,1610 1 ½
Shark Fin Hardware,,na,,Shelf A-8 Bin 6-6,,,Various bolts and other parts
Sprocket,,POW-SP0468,,Shelf A-8 Bin 7-1,,,H60BB13H
Bearing,,6204ZZC3E**,,Shelf A-8 Bin 7-2,,,SRIS5
Bearing,,6204ZZC3E,,Shelf A-8 Bin 7-2,,,EEMS5
?,,7110-448-064,,Shelf A-8 Bin 7-2,,,25X5 Metric
Oil Seal,,27295,,Shelf A-8 Bin 7-2,,,Joint Radial 649-LICM-350N-1JO1
Metric Lock Washer,,FAS-BT728,,Shelf A-8 Bin 7-3,,,CF-F34
Roll Ring,,POW-RC0008,,Shelf A-8 Bin 7-3,,,CF-E4D
Lock Nut,,FAS-BT6729,,Shelf A-8 Bin 7-3,,,
External Retaining Ring,,HAR-M10220,,Shelf A-8 Bin 7-4,,,
External Retaining Ring,,HAR-M10193,,Shelf A-8 Bin 7-4,,,
External Retaining Ring,,HAR-MI0450,,Shelf A-8 Bin 7-4,,,
External Retaining Ring,,HAR-MD0163,,Shelf A-8 Bin 7-4,,,
Seal Kit,,HYD-CY0536,,Shelf A-8 Bin 7-5,,,SAS-1.125 STD   992-6001-0Seal Kit
Seal Kit,,HYD-CY0541,,Shelf A-8 Bin 7-5,,,978-5154-7 2” STD
Bearing,,HCP-PP9998,,Shelf A-8 Bin 7-6,,,Grinder Bearings
External Retaining Ring,,HAR-MI0072,,Shelf A-8 Bin 7-5,,,
Shims?,,HCP-100154206,,Shelf A-8 Bin 7-6,,,
Shims?,,HMI-100163735,,Shelf A-8 Bin 7-6,,,
Key,,HAR-KE0135,,Shelf A-8 Bin 7-6,,,
Seal Kit,,0A002525,,Shelf A-8 Bin 8-1,,,3.00 Bore – 1.125 Rod
?,,HCP-100188473,,Shelf A-8 Bin 8-1,,,
?,,FIT-HS-0719,,Shelf A-8 Bin 8-2,,,Pallet Stacker Parts
?,,HCP-100109988,,Shelf A-8 Bin 8-2,,,Pallet Stacker Parts
?,,HCP-100110203,,Shelf A-8 Bin 8-2,,,Pallet Stacker Parts
?,,HCP-100103248,,Shelf A-8 Bin 8-2,,,Pallet Stacker Parts
?,,HCP-100110115,,Shelf A-8 Bin 8-2,,,Pallet Stacker Parts
?,,HCP-100109872,,Shelf A-8 Bin 8-2,,,Pallet Stacker Parts
Locking Assembly C170,,POW-BR0917,,Shelf A-8 Bin 8-3,,,
Gear,,100132360,,Shelf A-8 Bin 8-3,,,Set 2 different gears
?,,HCP-100096413,,Shelf A-4 Shelf 1-2,,,
?,,HCP-100103759,,Shelf A-4 Shelf 1-2,,,
?,,HCP-100110332,,Shelf A-4 Shelf 1-2,,,
?,,HCP-100103760,,Shelf A-4 Shelf 1-2,,,
Fixed Axial Bearing 149.0MM,,W-4.063,,Shelf A-4 Shelf 1-2,,,
Bearing,,POW-BR0116,,Shelf A-4 Shelf 1-2,,,
Pillow Block Ball Bearing,,123818-P2B-SC-115,,Shelf A-4 Shelf 1-2,,,EPAK Mud Belt 2-Bolt Base 1-15/16 in Bore Cast Iron Material Non-Expansion Bearing
Hoist Sprocket,,HCP-100154228,,Shelf A-4 Shelf 1-2,,,Top Table Hoist Drive Sprocket
Flange-Mount Ball Bearing,,UCF214,,Shelf A-4 Shelf 1-2,,,70 mm Bore 4-Bolt Flange Mount Set Screw Locking Cast Iron Housing Material Non-Expansion Bearing (Fixed) Standard Duty Contact Seal with Flinger Seal
?,,RFN4005095SD,,Shelf A-4 Shelf 1-2,,,
?,,HMI-100103291,,Shelf A-4 Shelf 1-2,,,
Shims?,,HCP-100108005,,Shelf A-4 Shelf 1-2,,,
External Retaining Ring,,HAR-M10142,,Shelf A-4 Shelf 1-2,,,
Bushing,,KT107/FT107,,Shelf A-4 Shelf 1-2,,,D85 / NG95
Bushing Bore Roller Chain Sprocket,,80BTB13H-1615,,Shelf A-4 Shelf 1-2,,,Taper Locking 80 / 1 in 13 Teeth 1615 Bushing Steel Material
Bushing Bore Roller Chain Sprocket,,60BTB22H-2012,,Shelf A-4 Shelf 1-2,,,Taper Locking 60 / 3/4 in 22 Teeth 2012 Bushing Steel Material
Keys,,HCP-100154452,,Shelf A-4 Shelf 1-2,,,
?,,HCP-100152472,,Shelf A-4 Shelf 1-2,,,
?,,10089098,,Shelf A-4 Shelf 1-2,,,
Hydraulic Pump,,101-1004-009,,Shelf A-4 Shelf 1-3,,,PLT Clnr
Control unit,,6SL3246-0BA22-1FA0,,Shelf A-5 Shelf 1-2,ELE-C05200,,
Needle Roller Bearing,,GR-64-SS,,Shelf A-5 Shelf 1-2,,,4.0000 in Bore 5.0000 in OD 2.0000 in Width Sealed - Both Sides
Flange-Mount Ball Bearing Unit,,SF-24,,Shelf A-5 Shelf 1-2,,,1-1/2 in Bore 4-Bolt Flange Mount Set Screw Locking Cast Iron Housing Material Non-Expansion Bearing (Fixed) Standard Duty Felt Labyrinth Seal Seal
Flange-Mount Ball Bearing,,UCF208,,Shelf A-5 Shelf 1-2,,,40 mm Bore 4-Bolt Flange Mount Set Screw Locking Cast Iron Housing Material Non-Expansion Bearing (Fixed) Standard Duty Contact Seal with Flinger Seal
Flexible Coupling Round Bore Hub,,M50021220,,Shelf A-5 Shelf 1-2,,,Size 500 Coupling Hub 2 3/8 Bore 5/8 Keyway 1 SS over kwy Set-Screw Locking
Compressed Non-Asbestos Ring Gasket,,FNWNA1RG116U,,Shelf A-5 Shelf 1-2,,,6”
V-Belt,,3VX850,,Shelf A-5 Shelf 1-2,,,85 in Outside Lg 0.375 in Top Wd 5/16 in Thick
Gold Line Piloted Flange Cartridge Bearing,,SFC-207TMC,,Shelf A-5 Shelf 1-2,POW-BR027,,Cage Manipulator
FIXED BEARING+REC,,W-4.058/AP3.1-LUB,,Shelf A-5 Shelf 1-2,,,
Pillow Block Ball Bearing Unit,,NP-20C,,Shelf A-5 Shelf 1-2,,,2-Bolt Base 1-1/4 in Bore Cast Iron Material Standard Duty Non-Expansion Bearing (Fixed)
Flange-Mount Ball Bearing,,FC-SC-35M,,Shelf A-5 Shelf 1-2,,,Cage Manipulator 35 mm Bore 4-Bolt Piloted Flange Mount Set Screw Locking Cast Iron Housing Material Non-Expansion Bearing (Fixed) Standard Duty Single Lip Contact Seal Seal
Flange-Mount Ball Bearing,,UCFU-1.1/2,,Shelf A-5 Shelf 1-2,POW-BR0050,,1-1/2 in Bore 4-Bolt Flange Mount Set Screw Locking Cast Iron Housing Material Non-Expansion Bearing (Fixed) Intermediate Duty Contact Seal Seal
Automatic Lubricator (Refils),,LAGD-125/EM2,,Shelf A-5 Shelf 1-1,,,
Butterfly Valve Limit Switch,,MIC23,,Shelf A-5 Shelf 1-1,,,
Butterfly Valve Limit Switch Rebuilt Kit,,13009730A,,Shelf A-5 Shelf 1-1,,,
Air Actuator for 4in to 12in Butterfly Valves,,CP101,,Shelf A-5 Shelf 1-1,,,
?,,POW-BR1379,,Shelf A-6 Shelf 1-1,,,
Metric Precision Female Rod End,,806L76,,Shelf A-5 Shelf 1-2,,,
Yoke Roller,,POW-WH0081,,Shelf A-6 Shelf 1-2,,,
Spherical roller bearing,,22218 E/C3,,Shelf A-5 Shelf 1-3,,,
Wire Wheel 10,,09480,,Shelf A-6 Shelf 1-3,,,
Wire Wheel 150MM,,09181,,Shelf A-6 Shelf 1-3,,,
Chain  12BRX10',,POW-RC0206,,Shelf A-6 Shelf 1-3,,,
Wheel?,,POW-WH0219,,Shelf A-6 Shelf 1-6,,,
Pin?,,HCP-100115328,,Shelf A-6 Shelf 1-4,,,
Pillow Block Ball Bearing,,NP-35C,,Shelf A-5 Shelf 1-3,,,
Block,,HSR35C1ZZ(GK),,Shelf A-5 Shelf 1-3,,,
Bushing,,POW-BR0841,,Shelf A-5 Shelf 1-3,,,EPAK Pallet Stacker
Sprocket,,80SK15,,Shelf A-5 Shelf 1-3,,,EPAK Pallet Stacker
Roller Bearing,,POW-BR0134,,Shelf A-5 Shelf 1-3,,,EPAK Shaft
?,,HCP-100212987,,Shelf A-5 Shelf 1-4,,,
?,,HCP-100090060,,Shelf A-5 Shelf 1-4,,,
Wheel?,,POW-WH0229,,Shelf A-5 Shelf 1-4,,,
Shaft,,HMI-100112801,,Shelf A-4 Shelf 1-4,,,
Vibration Damper 45,,CF-I2C,,Shelf A-4 Shelf 1-4,,,
Vibration Damper,,00017523,,Shelf A-4 Shelf 1-4,,,
Sprocket,,POW-SP0470,,Shelf A-6 Shelf 1-4,,,
?,,HMI-100154282,,Shelf A-7 Shelf 1-4,,,
Shaft?,,MAC-MAROXSPGRXST,,Shelf A-7 Shelf 1-4,,,
Motor,,MTRP-1P5-3BD18,,Shelf B-8 Shelf 1-1,,,1.5HP 1800 RPM 208-230/460V 3PH 60Hz
Cross Head Oil Pump W/Float Switch,,na,,Shelf B-8 Shelf 1-2,,,
Hub?,,BSM-CO7-579,,Shelf B-8 Shelf 1-2,,,
Seal?,,BSM-008-719,,Shelf B-8 Shelf 1-2,,,
Seal Kit,,8201612,,Shelf B-8 Shelf 1-2,,,
Gacket?,,BSM-008-709,,Shelf B-8 Shelf 1-2,,,
Gasket,,BSM-011-465,,Shelf B-8 Shelf 1-2,,,
Flange?,,BSM-008-707,,Shelf B-8 Shelf 1-2,,,
Bearing,,AA1212-03B,,Shelf B-8 Shelf 1-3,,,1.001X1.252X2
Head Press Hawkeye,,na,,Shelf B-8 Shelf 1-3,,,
Ground Wheel,,FT-007-023,,Shelf B-8 Shelf 1-3,,,
Weld Wheel,,FT-007-022,,Shelf B-8 Shelf 1-3,,,
Linear Transducer,,ELE-CO5340,,Shelf B-8 Shelf 1-2,,,EROC Cage Robot
Kit,,A5E38010205,,Shelf A-7 Shelf 1-2,,,
Hydraulic Motor Mount,,07-4300850,,Shelf B-8 Shelf 1-4,,,
?,,HMI-41775,,Shelf B-7 Shelf 1-4,,,
Weld Wheel,,BSM-006-083,,Shelf B-7 Shelf 1-4,,,
?,,BSM-007-465,,Shelf B-7 Shelf 1-3,,,
?,,BSM-000-992,,Shelf B-7 Shelf 1-3,,,
Shut Off Valve,,T84T-6AA-B1N,,Shelf B-7 Shelf 1-3,,,
Regulator 1/2,,R28-04R,,Shelf B-7 Shelf 1-1,,,
Premium Rack 12 Slots,,01651-000009,,Shelf B-7 Shelf 1-1,,,
?,,ETG-000-051,,Shelf B-7 Shelf 1-4,,,
?,,BSM-009-321,,Shelf B-7 Shelf 1-4,,,
?,,BSM-011-468,,Shelf B-6 Shelf 1-1,,,
Bracket,,FT-004-075,,Shelf B-6 Shelf 1-1,,,
Filter Regulator,,MS6-LFR-1/2-D7-E-R-M-AD1-WR-Z,,Shelf B-6 Shelf 1-1,,,
?,,EL-002-975,,Shelf B-6 Shelf 1-3,,,
Square Aluminium Bar,,SB-6061-1000-01-12,,Shelf B-6 Shelf 1-3,,,
Coupler,,RT28-32-1A-ST-CPL,,Shelf B-6 Shelf 1-3,,,
Valve,,BSM-014-161,,Shelf B-6 Shelf 1-3,,,
Busconnector,,6ES7972-0BA52-0XA0,,Shelf B-6 Shelf 1-3,,,
Bearing,,6202-2RS,,Shelf B-6 Shelf 1-3,,,
Filter,,2202996,,Shelf C-1 Shelf 1-1,FRN8P10E,IFP,
Filter,,HYD-VA0687,,Shelf C-1 Shelf 1-1,FRN8PG10,IFP,
Filter,,51791,,Shelf C-1 Shelf 1-1,1791,NAPA,
Air Breather Filter,,11293,,Shelf C-1 Shelf 1-1,,,
Water Filter Casing,,2T Superfilter,,Shelf C-1 Shelf 1-1,,,2 water filter casing
Filter,,929445,,Shelf C-1 Shelf 1-2,,,
Filter,,935169,,Shelf C-1 Shelf 1-2,,,
Filter,,POW-SC0050,,Shelf C-1 Shelf 1-2,,,
Filter,,5204,,Shelf C-1 Shelf 1-2,,,
2 Strainer Filter,,na,,Shelf C-1 Shelf 1-2,,,
Filter,,AZ3,,Shelf C-1 Shelf 1-2,,,7630132
Filter,,KZ3,,Shelf C-1 Shelf 1-2,,,7628664
Filter,,8TZ3,,Shelf C-1 Shelf 1-2,,,7604285
Filter,,PA2134,,Shelf C-1 Shelf 1-3,,,Baldwin Filters
Filter,,B474,,Shelf C-1 Shelf 1-3,,,Baldwin Filters
Tiewire,,TW898,,Shelf C-1 Shelf 1-3,,,21 Gauge
Tiewire,,TW1061T,,Shelf C-1 Shelf 1-3,,,19 Gauge
Preasure Water Pump,,SNIP-0483,,Shelf C-1 Shelf 1-4,,,
Ball Vibrator,,ABF-35M,,Shelf C-2 Shelf 1-1,,,ASM ABF-35 Martin Orange
Assembly,,AP5-200Q-M,,Shelf C-2 Shelf 1-1,,,Piston 5000 Series 2 Quiet
Hand Dryer Stainless,,TA-SB,,Shelf C-2 Shelf 1-1,,,110/120V 50/60Hz
?,,MAC-F00345-42003,,Shelf C-2 Shelf 1-1,,,
Badger Meter Rebuilt Kit,,na,,Shelf C-3 Shelf 1-1,,,Only a few parts left NOT a complete Kit
Reel,,P-LP-315-BH,,Shelf C-3 Shelf 1-1,,,Reel LP 3/8X15' W/H-Spring
Kiln Curtain Hardware,,na,,Shelf C-3 Shelf 1-1,,,Nuts Bolts and washers
Hydro-Mix,,HM08,,Shelf C-3 Shelf 1-2,,,
Window A/C Unit 5000BTU,,4360475,,Shelf C-3 Shelf 1-2,,,
Filter,,1XPX5,,Shelf C-1 Shelf TOP,,,
?,,BSM-013-367,,Shelf B-6 Shelf 1-4,,,
Ball Thrust Bearing,,SAS-ME-000-012,,Shelf B-6 Shelf 1-4,51220,FAG,MBK Single-Direction 100 mm Bore 150 mm OD 38 mm Width Separable
?,,BSM-005-873,,Shelf B-6 Shelf 1-4,,,
Cylindrical Roller Bearing,,POW-BR0537,,Shelf A-7 Shelf 1-3,,,
?,,POW-M00861,,Shelf A-7 Shelf 1-3,,,
External Retaining Ring,,HAR-MI0453,,Shelf A-8 Bin 7-5,,,
External Retaining Ring,,POW-MF0096,,Shelf A-5 Shelf 1-3,,,
Sproket,,BSM-003-587,,Shelf B-5 Shelf 1-4,,,
?,,BSM-005-994,,Shelf B-5 Shelf 1-4,,,
?,,FT-007-038,,Shelf B-5 Shelf 1-4,,,
?,,FT-002-028,,Shelf B-5 Shelf 1-4,,,
Bearing,,6017-ZZ,,Shelf B-5 Shelf 1-4,,,
?,,BSM-002-870,,Shelf B-5 Shelf 1-4,,,
?,,FT-003-144,,Shelf B-5 Shelf 1-4,,,
?,,BSM-005-384,,Shelf B-5 Shelf 1-4,,,
?,,FT-003-253,,Shelf B-5 Shelf 1-4,,,
?,,FT-003-255,,Shelf B-5 Shelf 1-4,,,
Bolts,,DRA-003-683,,Shelf B-5 Shelf 1-4,,,Together in A Bag
Bushings,,DRA-004-415,,Shelf B-5 Shelf 1-4,,,Together in A Bag
Locking Ring,,ME-003-467,,Shelf B-5 Shelf 1-4,,,Together in A Bag
?,,DRA-002-728,,Shelf B-5 Shelf 1-4,,,Together in A Bag
Pulley?,,DAH-000-414,,Shelf B-6 Shelf 1-5,,,
Wheel?,,ME-003-986,,Shelf B-6 Shelf 1-5,,,
Motor Cable MBK,,EG-000-051-210,,Shelf B-5 Shelf 1-1,,,
Cable MBK5,,EG-000-050-210,,Shelf B-5 Shelf 1-1,,,
Multi Position Kit,,PN-001-743,,Shelf B-5 Shelf 1-1,DPNA-80,Festo,All In A bag
Bushing,,BSM-009-215,,Shelf B-5 Shelf 1-1,,,All In A bag
Locking Ring,,NT-000-894,,Shelf B-5 Shelf 1-1,,,All In A bag
Air Filter,,PN-000-079,,Shelf B-5 Shelf 1-1,,,All In A bag
Cylinder,,DSBC-80-50-PPSA-N3,,Shelf B-5 Shelf 1-1,1383368,Festo,
Cylinder,,PN-001-649,,Shelf B-5 Shelf 1-1,AND-80-50-A-PPS-A,Festo,
Cylinder,,DSBC-63-50-PPSA-N3,,Shelf B-5 Shelf 1-1,,,
Spare Computer Hawkeye,,C5240-0010,,Shelf B-2 Shelf 1-2,,,
Spare Computer MC4,,C5240-0010,,Shelf B-2 Shelf 1-2,,,
Spare Computer EPAK 2,,C5240-0010,,Shelf B-1 Shelf 1-1,,,
Load Cell,,BM3-C3-5.0t-6B,,Shelf B-2 Top Shelf,,,
Load Cell,,BM3-C3-1.0t-6B,,Shelf B-1 Top Shelf,,,
Load Cell,,RL9000TWM-5K,,Shelf B-2 Top Shelf,,,
Smart UPC,,750A,,Shelf B-1 Shelf 1-1,,,
Terminal Blocks,,S4C-2.5,,Shelf B-1 Shelf 1-1,,,
?,,D1348-0355,,Shelf B-2 Shelf 1-3,,,125X218
?,,D1348-0455,,Shelf B-2 Shelf 1-3,,,187X343
?,,K0630-197,,Shelf E-1 Bin 6-2,,,
?,,K0630-207,,Shelf E-1 Bin 6-3,,,
?,,K0367-20HF,,Shelf E-1 Bin 6-1,,,
?,,K0368-20HF,,Shelf E-1 Bin 6-2,,,
?,,K0135-207,,Shelf E-1 Bin 6-2,,,
?,,K0581,,Shelf E-1 Bin 6-3,,,
Lock Washer,,M0985,,Shelf  E-1 Bin 6-4,,,
Bushing? UPDATED QUANTITY,,M1532,,Shelf E-1 Bin 6-4,,,
Locknut,,M0984,,Shelf E-1 Bin 6-4,,,
?,,Ko131-197,,Shelf B-1 Shelf 1-2,,,
Filter,,1PHR4,,Shelf C-1 Shelf 1-1,,,
Bushing,,POW-BR0621,,Shelf A-8 Bin 8-4,,,
Stroke Reading Cylinder,,CEP1,,Shelf A-8 Bin 8-5,,,
Ball,,F061776,,Shelf A-8 Bin 8-4,,,
Stroke Reading Cylinder,,CE1,,Shelf A-8 Bin 8-5,,,
Lock W/Key,,6438001,,Shelf A-8 Bin 8-5,,,
Hydraulic Cylinder,,HYD-CY0164,,Shelf C-4 Shelf 1-3,,,
Hydraulic Cylinder,,HYD-CY0169,,Shelf C-4 Shelf 1-3,,,
Hydraulic Cylinder,,HYD-CY0060,,Shelf C-3 Shelf 1-3,,,
LED Area Light,,KT-ALED140PS-M2-OSB-SF-8CSB-VDIM-P,,Shelf C-4 Shelf 1-2,,,More On Shelf C-5 Shelf 1-2
2' LED Linear High Bay Light,,TAMHLX110W850M,,Shelf C-5 Shelf 1-2,,,More On Shelf C-5 Shelf 1-3
Fixture Mounting Bracket,,79907,,Shelf C-5 TOP Shelf,,,More on Top Shelf of Shelf C-6
Plastic Courtains,,6GJH6,,Shelf C-5 Shelf 1-4,,,1 More on Shelf C-4 Shelf 1-4
Heavy Duty Hose Reel,,7850-OLP,,Shelf C-5 Shelf 1-4,,,1 More on Shelf C-6 Shelf 1-2
Vapor Tight Linear 48 LED Light,,FXVTL60SW-48FR-8CCT3,,Shelf C-4 TOP Shelf,,,
LED Replace Tubes,,S8892,,Shelf C-3 TOP Shelf,,,
MC3 Old Scale Monitors+Keyboards,,N/A,,Shelf C-4 Shelf 1-4,,,
?,,POW-SG0065,,Shelf C-2 TOP Shelf,,,
?,,BSM-012-471,,Shelf C-1 TOP Shelf,,,
?,,BSM-012-472,,Shelf C-1 TOP Shelf,,,
Cooling Fan,,N/A,,Shelf A-1 TOP Shelf,,,Zubling
?,,1014-2653,,Shelf A-2 TOP Shelf,,,
Sensor,,OCN1-1204N-ARS4,,Shelf B-3 Bin 5-5,,,DTI Counter
Sensor,,OCN1-1204P-ARL4,,Shelf B-3 Bin 5-5,,,DTI Safety
Sensor,,ECS1-1808U-AUU3,,Shelf B-3 Bin 5-5,,,
Garage Door Button,,6X891,,Shelf B-3 Bin 5-6,,,
Modular Tower Light Yellow,,SG-TL70-Y,,Shelf B-3 Bin 6-1,,,
Modular Tower Light Buzzer,,B-TL70-Q8,,Shelf B-3 Bin 6-1,,,
Modular Tower Light Red,,SG-TL70-R,,Shelf B-3 Bin 6-1,,,
Modular Tower Light Green,,SG-TL70-G,,Shelf B-3 Bin 6-1,,,
Push Button,,RAD30E3S-01/B,,Shelf D-2 Bin 10-1,,,
?,,FG-002-008,,Shelf B-6 Shelf 1-1,,,
Circuit Breaker,,FAZ-B10/1-NA-SP,,Shelf B-4 Bin 3-2,,,10A 1 Pole
Circuit Breaker,,24544,,Shelf B-3 Bin 6-2,REPLACEMENT # M9F23340,Schneider Electric,Multi9 - C60 UL1077 - MCB - 3P - 40 A - D Curve - 480Y/277 V - 5 kA ***DISCONTINUED replaced with M9F23340
Circuit Breaker,,17474,,Shelf B-3 Bin 6-2,COM-EL2692,,Multi9 - C60 UL1077 - MCB - 3P - 60 A DCurve - 480Y/277 V - 5 kA  ***DISCONTINUED NO REPLACEMENT FROM Schneider Electric
Starter Motor Protector,,3VU1300-1MJ00,,Shelf B-3 Bin 6-3,,,3 POLE 10-16 AMP 1NO + 1NC A-RELEASE SCREW TERMINAL
Contactor,,B6-30-10,,Shelf B-3 Bin 6-3,,,24 24 VAC 3NO 690 690 VAC
Motor Starter Contactors,,3TF40,,Shelf B-3 Bin 6-3,,,
Emergency Pushbutton,,D7M-MT44MX01,,Shelf D-2 Bin 10-4,,,
Pushbutton Flush,,D7M-LF7MN3WX10,,Shelf D-2 Bin 10-4,,,
Proximity Sensor,,XS1-M18MA230A,,Shelf B-3 Bin 6-2,,,Barrel-Style M18 x 1 5 mm Detection NO Output 24 → 240 V ac/dc IP65 IP68
Selector Switch Knob,,901B25,,Shelf D-2 Bin 10-4,,,
Contact Block,,88002,,Shelf D-2 Bin 10-5,,,9001 KA3 Ser H
Contact Block,,88000,,Shelf D-2 Bin 10-5,,,9001 KA1 Ser K
Contact Block,,88001,,Shelf D-2 Bin 10-5,,,9001 KA2 Ser K
Contact Block,,88002,,Shelf D-2 Bin 10-6,,,9001 KA3 Ser J
Contact Block,,43345300,,Shelf D-2 Bin 10-6,,,9001 KA5 Ser K
Contact Block,,MB2BE101,,Shelf D-2 Bin 10-6,,,
Contact Block,,E22B2,,Shelf B-3 Bin 6-4,,,Hawkeye Robot
Indicator Light Green,,SL53413-6-BG,,Shelf B-3 Bin 6-4,,,125V 25000 Hours
Indicator Light Red,,SL53415-5-BG,,Shelf B-3 Bin 6-4,,,125V 25000 Hours
Indicator Light Orange,,SL53416-6-BG,,Shelf B-3 Bin 6-4,,,125V 25000 Hours
Contact Block,,M22-CK01,,Shelf D-2 Bin 11-1,,,
Hevi-Bar II End Cover Assambly,,XA-33796B,,Shelf D-2 Bin 11-1,,,1000A-1500A Black UV Resistant PVC
Sproket,,HMI-95434,,Shelf A-6 Shelf 1-3,,,Sproket And Bearing Together
Bearing,,POW-BR0914,,Shelf A-6 Shelf 1-3,,,Sproket And Bearing Together
Sensor,,COM-EL2192,,Shelf A-8 Bin 9-1,E3FB-LP21,Omron,For Pallet Stacker
Fuse,,FWP-400A,,Shelf A-8 Bin 9-2,,,****EPAK ****FWP high speed fuse 1400 Vac (FWS 8-15A) 2100 Vac (FWS 2-6A) 1000 Vdc (FWL/FWS 2-30A) 400A RMS 200 kAIC Vac 50 kAIC at 700 Vdc Non Indicating High speed fuse Blade end X blade end Stud
Hydraulic Cylinder,,HYD-CY1500,,Shelf A-8 Bin 9-1,,,Hydraulic Cylinder and Clevis Together HVP 1 1/8X3 1/2 -M
Clevis,,HMI-30950,,Shelf A-8 Bin 9-1,,,Hydraulic Cylinder and Clevis Together
Fuse,,LCU1200,,Shelf A-36 Shelf 1-2,A4BY1200,Mersen,Edison fuse LCU series Class L current-limiting fast-acting 1200A 600 VAC knife blade feeder/branch semiconductor protection applications.
Shock Absorber,,EFMA 11-25-1C,,Shelf A-8 Bin 9-3,,,1 STROKE 14-176 OPERATING TEMP
Gear,,HCP-100072780,,Shelf A-5 Shelf 1-3,,,Bell Packer Rotate. Spur Gear EPAK
Pulley?,,POW-WH0082,,Shelf A-5 Shelf 1-3,,,
Cable MBK4,,EG-000-019-20,,Shelf B-5 Shelf -1-1,,,
Escape Release,,COM-EL2072,,Shelf A-6 Shelf 1-2,,,
Handle Module,,COM-EL2071,,Shelf A-6 Shelf 1-2,,,
Safety Switch Unicode,,COM-EL2070,,Shelf A-6 Shelf 1-2,,,
Cylinder Sensor,,BMF0029,,Shelf A-8 Bin 9-3,,,ROCO Printer
Contact Block,,ELE-C00578,,Shelf A-8 Bin 9-3,,,ROCO Outfeed
Fuse,,JDL600,,Shelf A-6 Shelf 1-2,,,EPAK Crane
Compact Air Cylinder,,HYD-CY1026,,Shelf A-6 Shelf 1-2,ADN-50-50-I-P-A,FESTO,
Compact Air Cylinder,,ADN-50-80-I-P-A,,Shelf A-6 Shelf 1-2,,,
Hanger Polycarbonate,,XA-24902,,Shelf A-8 Bin 9-4,,,
Hanger Stainless,,XA-27778,,Shelf A-8 Bin 9-5,,,
Collector Shoe,,XA-11417X,,Shelf A-8 Bin 9-6,,,
Hanger Clamp Stainless,,XA-27788,,Shelf A-8 Bin 10-1,,,
Shoe Case Half,,XA-24840,,Shelf A-8 Bin 10-2,,,16 Halfs making 8 units
Directional Spool Valve,,R978017756,,Shelf B-6 Shelf 1-3,,,MBK2 Robot
Pushbutton,,ELE-CO00568,,Shelf B-4 Bin 7-2,,,Outfeed ROCO
Overload Relay Thermal Unit,,B50-0947,,Shelf B-4 Bin 7-2,,,
Sensor,,RAD01305,,Shelf B-4 Bin 7-2,,,EPAK Kiln
?,,HCP-FC30042538,,Shelf B-4 Bin 7-2,,,
5 Pin Screw Terminal,,ELE-CO5515,,Shelf A-8 Bin 3-2,,,
Audible Unit,,XVB-C9B,,Shelf B-3 Bin 6-1,,,
Magnetic Motor Starter,,14DUE32AA,,Shelf B-3 Bin 6-5,,,
Phase Monitor,,SLA-440-ALE,,Shelf B-3 Bin 6-6,,,Crane
Contactor,,3RT1046-1BB40,,Shelf A-7 Shelf 1-2,,,** DISCONTINUED Replaced by 3RT2046-1KB40 AC-3 95 A 45 kW / 400 V 24 V DC 3-pole Size S3 Screw terminal
Contactor,,3RT2046-1AK60,,Shelf A-7 Shelf 1-2,,,
Moisture Meter Cable,,0975A,,Shelf B-2 Shelf 1-1,,,SKAKO
Valve Cartridge,,1627404054,,Shelf B-4 Bin 6-6,,,For Air Compresor
Bracket?,,HMI-100132596,,Shelf A-7 TOP Shelf,,,
Rubber Wheels,,RUB-IS0040,,Shelf A-7 TOP Shelf,,,
Bracket?,,HMI-100117889,,Shelf A-7 TOP Shelf,,,
Chipping Hammer,,HYD-PU0360,,Shelf A-7 TOP Shelf,,,
Tandem Collector W/Pigtail,,30388,,Shelf A-6 TOP Shelf,,,
Cover,,XA-50234B,,Shelf A-6 TOP Shelf,,,
?,,K0131-197,,Shelf E-1 Bin 6-1,,,
Fuse,,LPJ-200SP,,Shelf D-2 TOP Shelf,,,Extras on top of shelf D-2
Mechanical Time Switch,,T101P3,,Shelf D-2 TOP Shelf,,,
Network Camera,,IB9269,,Shelf D-2 TOP Shelf,,,
Safety Switch,,?,,Shelf D-2 TOP Shelf,,,30A 600VAC 250VDC
CAT 6 Cable,,,,Shelf D-2 TOP Shelf,,,
CAT 5 Cable,,,,Shelf D-2 TOP Shelf,,,
Electronic Photocontrol,,EK4236S,,Shelf D-2 TOP Shelf,,,
LED Worklight,,1603251,,Shelf A-5 TOP Shelf,,,12/24V XD LED
IGUS Track,,?,,Shelf B-8 TOP Shelf,,,MBK4
Client Module WLAN,,6GK5748-1FC00-0AB0,,Shelf A-8 TOP Shelf,,,0528-5VF3
Fan,,6SL3162-0AM00-0AA0,,Shelf A-8 TOP Shelf,,,
Wire Guide (DTI),,404-113,,Shelf E-1 Bin 5-1,,,DTI
Swivel Flange,,174400,,Shelf B-4 Bin 2-2,SNCS-63,FESTO,
Clevis,,PN-000-130,,Shelf B-4 Bin 7-3,,,MBK
Clevis Pin,,PN-001-384,,Shelf B-4 Bin 7-3,,,Part Of The Clevis
Swivel Female Rod End (Metric),,MHFR10T-1,,Shelf B-4 Bin 2-1,806L76,Grainger,Female End
Swivel Female Rod End,,20F903,,Shelf B-4 Bin 2-1,,,QA1 Spherical Rod End: Female Plain 7/16 in Bore Dia Right Hand Thread Carbon Steel Nylon/PTFE
Swivel Male Rod End,,20F989,,Shelf B-4 Bin 2-1,CMR12,,QA1 Spherical Rod End: Male Plain 3/4 in Bore Dia Right Hand Thread Carbon Steel
Swivel Female Rod End,,20G039,,Shelf B-4 Bin 2-1,,,
?,,FT-004-084,,Shelf B-4 Bin 7-3,,,
Proximity Sensor,,EL-003-721,,Shelf B-4 Bin 7-3,IQ40-20BPPKC0K,SICK,MBK2
Sliding Nut,,2017550,,Shelf B-4 Bin 7-3,71064233,RS,Sliding Nut Set M5 Safety Courtain
Lock Nut,,ME-000-477,,Shelf B-4 Bin 7-4,37294509,RADWELL,SPIETH LOCKNUT 48MM OD M4X12 THREAD
Connection Plug,,6ES7972-0BB52-0XA0,,Shelf A-8 Bin 3-5,,,SIMATIC DP for PROFIBUS 90 cable outlet PG Receptacle
Bearing,,ME-000-015,,Shelf B-4 Bin 7-4,,,
?,,FT-006-214,,Shelf B-7 Shelf 1-3,RVM-000-295,,
?,,FG-003-022,,Shelf B-7 TOP Shelf,,,
Sproket,,FT-002-029,,Shelf B-5 Shelf 1-4,,,
?,,FT-004-032,,Shelf B-7 Shelf 1-3,,,
?,,BSM-007-463,,Shelf B-7 Shelf 1-3,,,
?,,BSM-007-469,,Shelf B-7 Shelf 1-3,,,
?,,BSM-008-644,,Shelf B-7 Shelf 1-3,,,
Hyd Cylinder,,ETG-000-033,,Shelf B-5 Shelf 1-1,,,
Hyd Cylinder,,PN-000-248,,Shelf B-5 Shelf 1-1,,,
Valve,,PME-591JM,,Shelf B-4 Bin 7-4,,,SOLENOID VALVE PILOT VALVE SINGLE OPERATOR 24 VDC 2.5 W NON-LOCKING RECESSED MANUAL OPERATOR RECTANGULAR CONNECTOR (MALE ONLY)
Selenoid Valve,,912B-PM-591JM,,Shelf B-4 Bin 7-4,,,SOLENOID VALVE 900 SERIES 24 VDC 2.5 W 25-150 PSI 1/4IN NPT PORTS NON-LOCKING RECESSED MANUAL OPERATOR RECTANGULAR CONNECTOR (MALE ONLY)
Selenoid Valve,,V933LB2150AB6A0Z,,Shelf B-4 Bin 7-5,,,***DISCONTINUED*** SOLENOID VALVE PRESSURE VESSEL NUMBER WITHOUT METERING 4-WAY DIRECT ACTING NC/NO 1/4 INCH NPT SIZE PORT ORIFICE SIZE: 3/64 150 PRESSURE 20 WATTS 120VAC/60HZ-110VAC/50HZ
Cutting Head,,BSM-000-837,,Shelf B-4 Bin 7-5,,,
Compact  Cylinder,,SAS-PN-000-843,,Shelf B-5 Shelf 1-1,ADVU-80-50-A-P-A,FESTO,156660
Bushing ?,,NT-000-617,,Shelf B-4 Bin 7-6,,,
Bushing ?,,FT-006-156,,Shelf B-4 Bin 7-6,,,
Insulator ?,,FT-007-015,,Shelf B-4 Bin 7-6,,,
?,,FT-006-276,,Shelf B-4 Bin 7-6,,,
Snap Rings,,34252899,,Shelf B-4 Bin 7-6,,,
Snap Rings,,34253299,,Shelf B-4 Bin 7-6,,,
HYD Pump,,NA,,Shelf B-4 Bin 8-1,,,HYD Pump For MBK Robot
Washers,RMG,M1484,,Shelf E-1 Bin 4-1,,,K426
Bearing,RMG,M0195,,Shelf E-1 Bin 4-1,,,Tension Arm Roller
?,RMG,K0585,,Shelf E-1 Bin 4-1,,,
Grease Fitting,RMG,HMF01.11,,Shelf E-1 Bin 4-1,,,
?,RMG,K0352.07,,Shelf E-1 Bin 4-1,,,
Snap Rings,RMG,M0808,,Shelf E-1 Bin 4-2,,,
Snap Rings,RMG,M0810,,Shelf E-1 Bin 4-2,,,Tension Arm Roller Bearing Clip
Snap Rings,RMG,M0807,,Shelf E-1 Bin 4-2,,,
Washers,RMG,M1262,,Shelf E-1 Bin 4-2,,,
Bearing,RMG,5207-2NS,,Shelf E-1 Bin 4-3,,,
Bearing V Rail,RMG,W4X,,Shelf E-1 Bin 4-3,,,0.591. Bore 2.36 Outside Diameter
Bearing,RMG,6209-2NSE9NR,,Shelf M-4 Shelf 1-3,,,45x85x19mm
Flange?,RMG,D3942,,Shelf E-1 Bin 4-4,,,
?,RMG,D9410,,Shelf E-1 Bin 4-4,,,
Pins,RMG,MP0199,,Shelf E-1 Bin 4-4,,,
?,RMG,MP0105.01,,Shelf E-1 Bin 4-4,,,
?,RMG,K0356.08,,Shelf E-1 Bin 4-4,,,
Oil Seal,RMG,M0873,,Shelf E-1 Bin 4-5,400550,SKF,
Oil Seal,RMG,M0858,,Shelf E-1 Bin 4-5,17653,SKF,
Oil Seal,RMG,M0857,,Shelf E-1 Bin 4-5,21500-3888,GARLOCK,
Limit Switch,,ABM5E42Z11,,Shelf B-3 Bin 5-6,,,
?,,K0510.08,,Shelf E-1 Bin 7-1,,,Straight Cut
??,,K0510.04,,Shelf E-1 Bin 7-1,,,Straight Cut
?,,K0510.10,,Shelf E-1 Bin 7-1,,,Straight Cut
?,,K0488.02,,Shelf E-1 Bin 7-1,,,Straight Cut
Hyd Cylinder,RMG,DSNU-25-40-P-A,,Shelf E-1 Bin 4-6,,,
?,RMG,D1541.210,,Shelf E-1 Bin 4-6,,,
Shaft,RMG,D3943,,Shelf E-1 Bin 4-6,,,
Bearing,,126198-F4B-SCM-307,,Shelf M-3 Shelf 1-1,,,
Bearing,,6210-2RSR-L038-C3,,Shelf M-3 Shelf 1-2,,,
Bearing,,6017-2RLD-C3,,Shelf M-3 Shelf 1-2,,,
Bearing,,6013-JEM,,Shelf M-3 Shelf 1-2,,,
Bearing,,6010-2RSJEM,,Shelf M-3 Shelf 1-2,6010-C3,PEER,MC3 Gear Box Table
Bearing,,NU-1015-ML,,Shelf M-3 Shelf 1-2,NU1015M,NSK,
Bearing,,5205-2RSC3SR1-2,,Shelf M-3 Shelf 1-2,,,
Bearing,,6905-2RS,,Shelf M-3 Shelf 1-2,,,
Bearing,,210PP-210KRR,,Shelf M-3 Shelf 1-2,,,
Bearing,,6207-2RS-JEM,,Shelf M-3 Shelf 1-2,,,
Bearing,,6208-JEM,,Shelf M-3 Shelf 1-2,6208-2RSR-L038,FAG,
Taper Bushing,,XTB25,,Shelf M-3 Shelf 1-1,,,
Cam Yoke Roller,,CCYR-1-S,,Shelf M-3 Shelf 1-3,CF-1-SB,McGill,
Cam Follower,,CF-1 1/4-SB,,Shelf M-3 Shelf 1-3,,,
Cam Follower,,CF-1 1/2-SB,,Shelf M-3 Shelf 1-3,,,
Cam Follower,,CF-1 3/4-SB,,Shelf M-3 Shelf 1-3,,,
Cam Follower,,CF-2-SB,,Shelf M-3 Shelf 1-3,,,
Cam Follower,,CF-2 1/4-SB,,Shelf M-3 Shelf 1-3,,,
Gasket,,HUB-0223-04901,,Shelf M-3 Shelf 1-3,,,MBK Power Supply Board
Gasket,,HUB-0223-04902,,Shelf M-3 Shelf 1-3,,,MBK Power Supply Board
Gasket,,HUB-0223-04907,,Shelf M-3 Shelf 1-3,,,MBK Power Supply Board
Gasket,,HUB-0223-04908,,Shelf M-3 Shelf 1-3,,,MBK Power Supply Board
Gasket,,HUB-0223-04992,,Shelf M-3 Shelf 1-3,,,MBK Power Supply Board
Gasket,,HUB-0223-04993,,Shelf M-3 Shelf 1-3,,,MBK Power Supply Board
Bearing,,NUTR50110-A,,Shelf M-3 Shelf 1-3,,,
Load Runners,,VLRE-3 1/2,,Shelf M-3 Shelf 1-4,,,
Flange Bearing,,126192-F4B-SCM-200,,Shelf M-4 Shelf 1-1,,,
Flange Bearing,,CSW4,,Shelf M-4 Shelf 1-1,,,
Bearing,,6221-2Z,,Shelf M-4 Shelf 1-1,,,
Bearing,,6211-2RS1,,Shelf M-4 Shelf 1-1,,,
Bearing,,6020LLU/2AS,,Shelf M-4 Shelf 1-1,,,
Bearing,,UG207-23,,Shelf M-4 Shelf 1-1,,,
Bearing,,207KRR,,Shelf M-4 Shelf 1-1,,,
Bearing,,G1203KRRB,,Shelf M-4 Shelf 1-1,,,
Bearing,,1207KRR,,Shelf M-4 Shelf 1-1,,,
Bearing,,6306-2RSJEM,,Shelf M-4 Shelf 1-2,,,
Bearing,,6305-2ZNRJEM,,Shelf M-4 Shelf 1-2,6305-2RLD-NR-C3,PEER,MC3 Gear Box Table
Bearing,,6007-77-30E,,Shelf M-4 Shelf 1-2,62006VVC3,NSK,
Bearing,,6206-2RSJEM,,Shelf M-4 Shelf 1-2,6206-2RS,SPINcO,
Bearing,,6008-2RSR-L038-C3,,Shelf M-4 Shelf 1-2,,,
Bearing,,6205-2RSR-L038-C3,,Shelf M-4 Shelf 1-2,,,
Bearing,,6006-2RSR-L038-C3,,Shelf M-4 Shelf 1-2,,,
Bearing,,6005-2RLD-C3,,Shelf M-4 Shelf 1-2,6005-2RLD-C3 /V2,PEER,
Bearing,,6004-2RSJEM,,Shelf M-4 Shelf 1-2,,,
Bearing,,6904-2RSU (V2),,Shelf M-4 Shelf 1-2,,,
Bearing,,6203-VVC3,,Shelf M-4 Shelf 1-2,,,
Bearing,,6202-2RLD-C3,,Shelf M-4 Shelf 1-2,,,
Bearing,,6203VV3,,Shelf M-4 Shelf 1-2,,,
Bearing,,LR5007-2RS,,Shelf M-4 Shelf 1-3,,,
Bearing,,LM48510,,Shelf M-4 Shelf 1-3,,,
Bearing,,JLM506849,,Shelf M-4 Shelf 1-3,,,
Bearing,,2207 E-2RSTN9,,Shelf M-4 Shelf 1-3,,,
Bearing,,2210-2RS-TVH#E,,Shelf M-4 Shelf 1-3,,,
Bearing,,JLM704649,,Shelf M-4 Shelf 1-3,,,
Bearing,,32306-90KA1,,Shelf M-4 Shelf 1-3,,,
Bearing,,30306-90KM1,,Shelf M-4 Shelf 1-3,,,
Bearing,,M12649,,Shelf M-4 Shelf 1-3,,,
Bearing,,M12610,,Shelf M-4 Shelf 1-3,,,
Bearing,,LM11900LA-902A1,,Shelf M-4 Shelf 1-3,,,EROC
Bearing,,CSK25,,Shelf M-4 Shelf 1-3,,,
Bearing,,D320035632,,Shelf M-4 Shelf 1-3,,,
Bearing,,JTT-1214,,Shelf M-4 Shelf 1-3,,,
Bearing,,3586,,Shelf M-4 Shelf 1-3,,,
Bearing,,6213-C3,,Shelf M-4 Shelf 1-3,,,
Bearing,,214S,,Shelf M-4 Shelf 1-3,,,
Bearing,,NK68/25-XL,,Shelf M-4 Shelf 1-3,,,
Bearing,,2208 E-2RS1TN9,,Shelf M-4 Shelf 1-3,,,
Bearing,,22208-E/C3,,Shelf M-4 Shelf 1-3,,,
Cam Yoke Roller,,CYR 1 1/2-S,,Shelf M-4 Shelf 1-4,,,
Cam Yoke Roller,,CYR 1 3/4-S,,Shelf M-4 Shelf 1-4,,,
Cam Yoke Roller,,CYR 2-S,,Shelf M-4 Shelf 1-4,,,
Cam Yoke Roller,,CYR 2 1/4-S,,Shelf M-4 Shelf 1-4,,,
Cam Yoke Roller,,CYR 2 1/2-S,,Shelf M-4 Shelf 1-4,,,
Cam Yoke Roller,,VLR-3 1/2-16,,Shelf M-4 Shelf 1-4,,,
Cam Yoke Roller,,PLR-2 1/2-16,,Shelf M-4 Shelf 1-4,,,
Cam Yoke Roller,,005-591-813,,Shelf M-4 Shelf 1-4,,,
Cam Follower,,CFE-1 1/2-SB,,Shelf M-4 Shelf 1-4,,,
Cam Follower,,CF-2-SB,,Shelf M-4 Shelf 1-4,,,
Cam Follower,,CF-3-SB,,Shelf M-4 Shelf 1-4,,,
Cam Follower,,CF-4-SB,,Shelf M-4 Shelf 1-4,,,
Flap Discs,,37643,,Shelf M-4 Shelf 1-5,,,4 1/2 X 5/8-11
Cut Off Wheels,,53409,,Shelf M-4 Shelf 1-5,,,4 1/2 X .045 X 7/8
Grinding Wheels,,28467,,Shelf M-4 Shelf 1-5,,,4 1/2 X 1/4 X 5/8-11
Flange Bearing,,POW-BR0095,,Shelf M-4 Shelf 1-5,SF-39C,SealMaster,
Grinding Wheels,,28769,,Shelf M-4 Shelf 1-5,,,7 X 1/4 X 5/8-11
Bearing,,023017 P2B-E-215R,,Shelf M-3 Shelf 1-5,,,Type E Extra 2-15/16
Bearing,,023021 P2B-E-307R,,Shelf M-3 Shelf 1-5,,,Type E Extra 3-7/16
Bearing,,070313 P2B-S2-315RE,,Shelf M-3 Shelf 1-5,,,Type E Extra 3-15/16
Worm Shaft Bearing,,8640271,,Shelf M-5 Shelf 1-5,,,Both in a sealed Box together
Nut For Worm Shaft,,8810029,,Shelf M-5 Shelf 1-5,,,Both in a sealed Box together
Bearing,,UCFU-1.1/2M,,Shelf M-5 Shelf 1-4,,,
Sproket,,POW-BR1259,,Shelf M-5 Shelf 1-4,,,
Carrier Bearing,,GAIE-04015-W-5 B,,Shelf M-5 Shelf 1-4,,,
Washers,,FAS-BT0570,,Shelf M-5 Shelf 1-4,,,
Bolts,,FAS-BT0265,,Shelf M-5 Shelf 1-4,,,
Nuts,,FAS-BT0445,,Shelf M-5 Shelf 1-4,,,
Bolts,,FAS-BT0295,,Shelf M-5 Shelf 1-4,,,
E20 Element,,10287334,,Shelf M-5 Shelf 1-4,,,
E20 Element,,10287336,,Shelf M-5 Shelf 1-4,,,MC 1 and 2 Compressor
Push Trolley,,VPT F-0.5,,Shelf M-5 Shelf 1-5,,,
Oil Seal,,12350,,Shelf M-5 Shelf 1-3,,,
Oil Seal,,692281,,Shelf M-5 Shelf 1-3,,,
Oil Seal,,200,,Shelf M-5 Shelf 1-3,,,MC BDU Vibrator Seal
Oil Seal,,11340,,Shelf M-5 Shelf 1-3,,,
Oil Seal,,12577,,Shelf M-5 Shelf 1-3,,,
Oil Seal,,14907,,Shelf M-5 Shelf 1-3,,,
Oil Seal,,13739,,Shelf M-5 Shelf 1-3,,,
Oil Seal,,13698,,Shelf M-5 Shelf 1-3,,,
Oil Seal,,6204,,Shelf M-5 Shelf 1-3,,,
Oil Seal,,17645,,Shelf M-5 Shelf 1-3,,,
Oil Seal,,25043,,Shelf M-5 Shelf 1-3,,,
Oil Seal,,18889,,Shelf M-5 Shelf 1-3,,,
Oil Seal,,562717,,Shelf M-5 Shelf 1-3,,,
Oil Seal,,HS35 1024814B7,,Shelf M-5 Shelf 1-3,21500-3888,TIMKEN,
Oil Seal,,9664,,Shelf M-5 Shelf 1-3,,,
Oil Seal,,17653,,Shelf M-5 Shelf 1-3,,,
Oil Seal,,125W225,,Shelf M-5 Shelf 1-3,,,
Oil Seal,,27334,,Shelf M-5 Shelf 1-3,,,
Oil Seal,,42419,,Shelf M-5 Shelf 1-3,,,
Oil Seal,,36361,,Shelf M-5 Shelf 1-3,,,
Oil Seal,,36364,,Shelf M-5 Shelf 1-3,,,
Oil Seal,,75030,,Shelf M-5 Shelf 1-3,,,
Oil Seal,,415867,,Shelf M-5 Shelf 1-3,,,
Oil Seal,,11224,,Shelf M-5 Shelf 1-3,,,Seal Gear Box On Silo
Bearing,,6214-C3,,Shelf M-6 Shelf 1-3,,,
Bearing,,6216.2ZR.C3,,Shelf M-6 Shelf 1-3,,,
Sproket,,60BS19,,Shelf M-6 Shelf 1-3,,,1.125
Sproket,,8MX-36S-12 1610,,Shelf M-6 Shelf 1-3,,,
Bushing,,20667,,Shelf M-6 Shelf 1-3,,,HE25 X 1 3/4-KW
Bushing,,POW-BR0300,,Shelf M-6 Shelf 1-3,,,
Chain Cover Assambly,,POW-BR1265,,Shelf M-6 Shelf 1-4,,,For HWK2
Flange Bearing,,SCJ 1 1/8,,Shelf M-6 Shelf 1-4,,,
Coupling Chain,,POW-BR1260,,Shelf M-6 Shelf 1-3,,,
Coupling Chain,,POW-BR1253,,Shelf M-6 Shelf 1-3,,,
Coupling Half,,POW-BR1258,,Shelf M-6 Shelf 1-3,,,
Sproket,,80BTB13H-1615,,Shelf M-6 Shelf 1-3,,,
Sproket,,POW-BR0260,,Shelf M-6 Shelf 1-3,,,HWK2 Belt Big Sproket
Sproket,,40BS12-1,,Shelf M-6 Shelf 1-3,,,Pit Belt
Taper Bushing,,117076,,Shelf M-6 Shelf 1-3,,,EROC Pallet Cleaner
Chain Coupling,,POW-BR1261,,Shelf M-6 Shelf 1-3,,,HWK2
Taper Bushing,,1615-1,,Shelf M-6 Shelf 1-3,,,
Chain Coupling,,POW-BR1250,,Shelf M-6 Shelf 1-3,,,
Sproket,,8MX-35S-12-1610,,Shelf M-6 Shelf 1-3,,,EROC Pallet Cleaner
Bering,,2924,,Shelf M-6 Shelf 1-3,,,
Bolt Flange Unit,,UCF206-19,,Shelf M-6 Shelf 1-1,,,
Bearing,,42584,,Shelf M-6 Shelf 1-1,,,
Bearing,,UCP208-24,,Shelf M-6 Shelf 1-1,,,
Bearing,,T207,,Shelf M-6 Shelf 1-1,,,
Load Runners,,CF 2 3/4SB,,Shelf M-6 Shelf 1-1,,,
Bearing,,UCF206-18,,Shelf M-6 Shelf 1-1,,,
Bearing,,R0918/4299,,Shelf M-6 Shelf 1-1,,,123818 P2B-SC-115 1-15/16
Bearing,,R0320/2752,,Shelf M-6 Shelf 1-1,,,135182 WSTU-SCM-112 1-3/4
Bearing,,123814 PTB-SC-108,,Shelf M-6 Shelf 1-1,,,1.5
Bearing,,UCFL210D1,,Shelf M-6 Shelf 1-1,,,
Bearing,,F3S223E,,Shelf M-6 Shelf 1-1,,,1 7/16 MC3 Mud Belt
Bearing,,YAS2,,Shelf M-5 Shelf 1-1,,,3/16
Bearing,,3820,,Shelf M-6 Shelf 1-2,,,MC4
Bearing,,3876,,Shelf M-6 Shelf 1-2,,,MC4
Bearing,,3820,,Shelf M-6 Shelf 1-2,JLM704610,TIMKEN,MC4
Bearing,,2989,,Shelf M-6 Shelf 1-2,,,MC3
Bearing,,2631,,Shelf M-6 Shelf 1-2,,,MC3
Bearing,,15245,,Shelf M-6 Shelf 1-2,,,HAWK2
Bearing,,15101,,Shelf M-6 Shelf 1-2,,,HAWK2
Bearing,,33821,,Shelf M-6 Shelf 1-2,,,
Sheave,,40-B-40-SD,,Shelf M-6 Shelf 1-2,,,Slot Saw
Bearing,,33890,,Shelf M-6 Shelf 1-2,,,
?,,POW-BR0009,,Shelf M-6 Shelf 1-2,,,
Shaft,,2201441,,Shelf M-6 Shelf 1-2,,,Mixer Voeller Shaft and roller together
Roller,,2403111,,Shelf M-6 Shelf 1-2,,,Mixer Voeller Shaft and roller together
Taper Bushing,,1610 1 1/2,,Shelf M-5 Shelf 1-1,,,
Taper Bushing,,1610 1,,Shelf M-5 Shelf 1-1,,,
Taper Bushing,,117084,,Shelf M-5 Shelf 1-1,,,1610 X 1 1/8-KW
Bushing,,SD 1 7/8,,Shelf M-5 Shelf 1-1,,,Slot Saw
Taper Bushing,,2517-50MM,,Shelf M-5 Shelf 1-1,,,
Taper Bushing,,2517-40MM,,Shelf M-5 Shelf 1-1,,,
Taper Bushing,,1615-1 1/2,,Shelf M-5 Shelf 1-1,,,
Taper Bushing,,2517-2,,Shelf M-5 Shelf 1-1,,,
Taper Bushing,,2012-1 1/4,,Shelf M-5 Shelf 1-1,,,
Taper Bushing,,2517-1 15/16,,Shelf M-5 Shelf 1-1,,,
Coupling Half,,5018-1 1/2,,Shelf M-5 Shelf 1-1,,,
Sproket,,W388M-12,,Shelf M-5 Shelf 1-1,,,
Sproket,,60BTB15H-1610,,Shelf M-5 Shelf 1-1,,,
Sproket,,40BS20-1,,Shelf M-5 Shelf 1-1,,,
Sproket,,50BS18-1,,Shelf M-5 Shelf 1-1,,,
Bearing,,VF4S-331,,Shelf M-5 Shelf 1-1,,,1 15/16
Bearing,,VF4S-239,,Shelf M-5 Shelf 1-1,,,2 7/16
Sproket,,80TB12H-1615,,Shelf M-5 Shelf 1-1,,,36 ECP Form
Bearing,,YAS1- 7/16-PT-SGT,,Shelf M-5 Shelf 1-1,,,
Bearing,,42375,,Shelf M-5 Shelf 1-1,,,
Cam Follower,,CF 3/4-SB,,Shelf M-3 Shelf 1-4,,,
Cam Follower,,CYR 3/4-S,,Shelf M-3 Shelf 1-4,,,
Load Runners,,CF-1S,,Shelf M-3 Shelf 1-4,,,
Load Runners,,CYR-1S,,Shelf M-3 Shelf 1-4,,,
Cam Yoke Roller,,CCYR-1-SB,,Shelf M-3 Shelf 1-4,,,
Cam Yoke Roller,,CYR-1 1/8-S,,Shelf M-3 Shelf 1-4,,,
Cam Yoke Roller,,CYR-1 1/4-S,,Shelf M-3 Shelf 1-4,,,
Metal Brackets,,HCP-100103759,,Shelf A-8 Bin 10-3,,,EPACK
Metal Brackets,,HCP-100103760,,Shelf A-8 Bin 10-3,,,EPACK
Metal Brackets,,HCP-100110342,,Shelf A-8 Bin 10-3,,,EPACK
Pneumatic Pressure Regulator,,11-018-146,,Shelf B-7 Shelf 1-3,70436591,RS,Norgren 11-018-146 Pneumatic Pressure Regulator 1/4 PTF 10psi 11 Series
Pressure Regulator,,R24-200-RNFA,,Shelf B-7 Shelf 1-3,70798446,RS,Norgren R24-200-RNFA Pressure Regulator 1/4 PTF 5 to 60 psig R24 Series
Shut-Off Valve,,T84T-6AA-B1N,,Shelf B-7 Shelf 1-3,71865200,RS,Norgren T84T-6AA-B1N Shut-Off Valve 3/4 PTF 3/2 Excelon Plus Series
8 Port Switch,,FL SWITCH SFN 8TX,,Shelf A-7 Shelf 1-2,70207932,RS,Phoenix Contact 2891929 Unmanaged Switch 8 X RJ45 ports 10/100 Mbps
Contactor,,3RT1045-1A..0,,Shelf A-7 Shelf 1-2,,,3-phase IEC rated  rated 30 HP at 230V and 60 HP at 460V. Conforms to IEC 60946
Contactor,,3RT1034-1B..0,,Shelf A-7 Shelf 1-2,,,3-phase IEC rated contactor Rated 10 HP at 230V and 25 HP at 460V. Conforms to IEC 60946
Clamping Piece,,FT-006-154,,Shelf E-1 Bin 3-1,,,MBK RMG
Coupling,,FT-006-155,,Shelf E-1 Bin 3-1,,,MBK RMG
Distance Sleeve,,FT-006-156,,Shelf E-1 Bin 3-1,,,MBK RMG
Wire Draw,,D1348.0455,,Shelf E-1 Bin 3-1,,,
Ultra violet Scanner,,UV1A6,STEAM GEN,Shelf A-3 Shelf 1-2,,,Steam Maker
Digital Indicating Controller,,UT32A,STEAM GEN,Shelf A-3 Shelf 1-2,,,Steam Maker
Solenoid Valve,,8267G015,STEAM GEN,Shelf A-3 Shelf 1-2,,,**** DRAIN VALVE ***** 2-Way Normally Open 1/2 in Pipe Size 120V AC Self-Cleaning Brass Body Steam Maker Cable and connector in the bag
Solenoid Valve,,8267G007,STEAM GEN,Shelf A-3 Shelf 1-2,,,Steam Maker **** Pros Valve ****
Solenoid Valve,,8210G002,STEAM GEN,Shelf A-3 Shelf 1-2,,,Steam Maker
Air Gap,,909-AGC,STEAM GEN,Shelf A-3 Shelf 1-2,,,
Gas pressure switch,,RHGP-H,STEAM GEN,Shelf A-3 Shelf 1-2,803113401,,
Washer,,PN-001-063,,Shelf B-4 Bin 6-6,,,
Washer,,PN-001-094,,Shelf B-4 Bin 6-6,,,
Elbow 90 Degree,,PN-001-201,,Shelf B-4 Bin 6-6,,,
Hose Nozzle,,PN-000-071,,Shelf B-4 Bin 6-6,,,
Miniature General Purpose Filter,,F07-200-A1TA,STEAM GEN,Shelf A-3 Shelf 1-2,,,F07 Series miniature general purpose filter 1/4 PTF ports 5 µm auto drain transparent bowl
Flame safeguard control,,MC120,STEAM GEN,Shelf A-3 Shelf 1-2,,,50/60 Hz M-Series II Chassis (120V)
Valve Actuator,,ELE-C00638,STEAM GEN,Shelf A-3 Shelf 1-2,V4055A-1007-3,HONEYWELL,FLUID POWER GAS VALVE ACTUATOR OPENING TIME 26 SECONDS 60HZ/120VAC LOW PRESSURE ON-OFF USED W/ V5055/V5097A B VALVE BODIES
Industrial Gas Valve,,ELE-C00636,STEAM GEN,Shelf A-3 Shelf 1-2,V5055-B1028,HONEYWELL,INDUSTRIAL GAS VALVE 1-1/2IN VALVE BODY 5 PSI OPERATING PRESS 15 PSI CLOSE-OFF PRESS 1/4IN NPT DOWNSTREAM TAP
Steam Pipe Seals,,NA,STEAM GEN,Shelf A-3 Shelf 1-2,,,2 Diferent sizes kept for size and information. USED TEADIT C 6 TEADIT C 4
Igniter,,HA-06-01261,STEAM GEN,Shelf A-3 Shelf 1-2,,,Igniter air/wash type for Maxon burners
4 Digital Preset Scale Counter,,C2S-R-24,WIRE SPOOLER,Shelf E-1 Bin 2-1,,,
?,,412-021,WIRE SPOOLER,Shelf E-1 Bin 2-1,,,
Oil Seal,,502-011-31,WIRE SPOOLER,Shelf E-1 Bin 2-2,,,Wire Spooler Gear Box Seal
O Rings,,557-005,WIRE SPOOLER,Shelf E-1 Bin 2-2,,,
Shrink Disk,,509-004,WIRE SPOOLER,Shelf E-1 Bin 2-2,,,
Sproket,,510-009,WIRE SPOOLER,Shelf E-1 Bin 2-1,,,
Chain,,HKK-35-ROLLER-CHAIN,WIRE SPOOLER,Shelf E-1 Bin 2-3,,,
Chain Links,,HK-35,WIRE SPOOLER,Shelf E-1 Bin 2-3,,,
Lift Roller,,121-030,WIRE SPOOLER,Shelf E-1 Bin 2-3,,,
Axle Bolt,,NA,WIRE SPOOLER,Shelf E-1 Bin 2-3,,,
Pushbutton Red Lockable,,606-303,WIRE SPOOLER,Shelf E-1 Bin 2-4,70172695 - HW4B-V4F01-R,RS - IDEC,
Contact Blocks,,606-306,WIRE SPOOLER,Shelf E-1 Bin 2-4,71170679 - HW-CBF10,RS - IDEC,
Selenoid Valve,,554-021M,WIRE SPOOLER,Shelf E-1 Bin 2-4,8220471,RADWELL,45A-AA1-DDAJ-1KJ
Selenoid Valve,,554-021,WIRE SPOOLER,Shelf E-1 Bin 2-4,476002,RADWELL,45A-AA1-DDAA-1BA
Pressure Gauge,,553-012-G60,WIRE SPOOLER,Shelf E-1 Bin 2-4,GB060A,,
Amacoil Aparatus,,NA,WIRE SPOOLER,Shelf E-1 Bin 2-5,,,
Bushing?,,500-151,WIRE SPOOLER,Shelf E-1 Bin 2-5,,,
Lock Nut,,571-004,WIRE SPOOLER,Shelf E-1 Bin 2-5,,,
Lock Washer,,571-005,WIRE SPOOLER,Shelf E-1 Bin 2-5,,,
Bearing,,30208,WIRE SPOOLER,Shelf E-1 Bin 2-6,,,
Bearing,,6206-2NSE9NR,WIRE SPOOLER,Shelf E-1 Bin 2-6,6206LLUNRC3,NTN,
Bearing,,6306-2NSE9,WIRE SPOOLER,Shelf E-1 Bin 2-6,6206-2RSJEM,SKF,
Bearing,,503-083,WIRE SPOOLER,Shelf E-1 Bin 3-2,30208A,FAG,
Oil Seal,,505-008,WIRE SPOOLER,Shelf E-1 Bin 3-2,,,
Oil Seal,,15235,WIRE SPOOLER,Shelf E-1 Bin 3-2,,,
Switch Disconnector,,612-051,WIRE SPOOLER,Shelf E-1 Bin 3-3,,,
Switch Handle,,612-052,WIRE SPOOLER,Shelf E-1 Bin 3-3,,,
Annual Runner,,106-009,WIRE SPOOLER,Shelf E-1 Bin 3-3,,,
Disconnect Rod,,NA,WIRE SPOOLER,Shelf E-1 Bin 3-3,,,
Controller,,1761-L32BWA,WIRE SPOOLER,Shelf E-1 Bin 3-4,,,Allen-Bradley 1761-L32BWA MicroLogix 1000 120/240V AC Power (20) 24V DC Digital Inputs (12) Relay Outputs **REPAIRED**
Shaft,,NA,WIRE SPOOLER,Shelf E-1 Bin 3-4,,,
MSUD Valve Plug Cable,,C1249,WIRE SPOOLER,Shelf E-1 Bin 3-5,7000-94021-2160300,MURR ELECTRONIK,
Coupling Hub S28-ST,,FT-002-033,MBK,Shelf B-4 Bin 8-2,,,
Coupling Hub,,,MBK,Shelf B-4 Bin 8-2,,,Smaller inside diameter
Coupling Bo Wax-Junior,,ME-000-460,MBK,Shelf B-4 Bin 8-2,,,
Flange,,202-053-4,EPAK,Shelf A-4 Shelf 1-1,,,
Carriage Plate,MBK,BSM-008-721,,,,,
Spacer Plate,MBK,BSM-007-317,,,,,
Ring,MBK,BSM-008-713,,,,,
Protection,MBK,BSM-015-532,,,,,
Support Ring,MBK,BSM-011-780,,,,,
Spacer bolt,MBK,BSM-007-391,,,,,
Rubber Jacket,MBK,BSM-011-467,,,,,
Welding Arm,MBK,BSM-011-778,,,,,
Flange Bearing for Welding Arm,MBK,BSM-013-314,,,,,
Coolng Plate,MBK,BSM-010-002,,,,,
Clamping Plate,MBK,LSM-000-880,,,,,
Turn Plate,MBK,BSM-011-781,,,,,
Welding Roller Adapter Type S,MBK,BSM-004-720,,,,,
Welding Roller Tubing,MBK,BSM-004-723,,,,,
Insulating Bushing d=48/40-80,MBK,FT-007-009,,,,,
Brake Pad (PUCK),,M1623-P,WIRE DRAW,Shelf E-1 Bin 7-4,,,BRAKE PARTS
Screw Zinc,,M1623-W,WIRE DRAW,Shelf E-1 Bin 7-4,,,BRAKE PARTS
Screw Brass,,M1623-S,WIRE DRAW,Shelf E-1 Bin 7-4,,,BRAKE PARTS
O Rings,,M1623-O,WIRE DRAW,Shelf E-1 Bin 7-4,,,BRAKE PARTS
Piston,,M1623-R,WIRE DRAW,Shelf E-1 Bin 7-4,,,BRAKE PARTS
Angular Brackets,,FT-003-036,MBK,Shelf B-4 Bin 8-1,,,
Bearing,,M12649,WIRE DRAW,Shelf E-1 Bin 7-5,806C84,GRAINGER,NTN Tapered Roller Bearing Assembly: M12649/M12610 27/32 in Bore 1 61/64 in OD 0.72 in Cone Wd
Pulley,,D4009,WIRE DRAW,Shelf E-1 Bin 7-5,,,
Pulley,,D4010,WIRE DRAW,Shelf E-1 Bin 7-5,,,
Pins,,M1599,WIRE DRAW,Shelf E-1 Bin 7-5,,,
Key,,D9097.03,WIRE DRAW,Shelf E-1 Bin 7-5,,,
Washer,,K0590.01,WIRE DRAW,Shelf E-1 Bin 7-5,,,
Bushing,,K0589,WIRE DRAW,Shelf E-1 Bin 7-6,,,
Bushing,,K0868,WIRE DRAW,Shelf E-1 Bin 7-6,,,
?,,K0357.06,WIRE DRAW,Shelf E-1 Bin 7-6,,,
HYD Motor,,OMM-32,WIRE DRAW,Shelf E-1 Bin 7-6,151G0006,DANFOSS,
Power Supply,RMG,DRP024V120W3BN,MBK WIRE DRAW,Shelf E-1 Bin 1-1,,,AC/DC DIN Rail Supply 24V 120W MBK wire draw machine power supply RMG
Exhaust Valve,RMG,0R37B,,Shelf E-1 Bin 5-2,,,
Regulator,RMG,R35-02B,,Shelf E-1 Bin 5-2,,,
Fuse,,DN000GB69V33L,CRANE,Shelf N-2 Shelf 1-1,,,
Hook Safety Catch,DEMAG,82907733,CRANE,Shelf N-2 Shelf 1-1,,,
Transducer,,ACB-C3-1.0T-SCR,CRANE,Shelf N-2 Shelf 1-1,,,	
Switching Element,,87419533,CRANE,Shelf N-2 Shelf 1-1,,,
Switching Element,,87455033,CRANE,Shelf N-2 Shelf 1-1,,,
Load Cell,,RL20000B-5K,CRANE,Shelf N-2 Shelf 1-1,,,
Load Cell,,RL20000B-1K,CRANE,Shelf N-2 Shelf 1-1,,,
Load Cell,,RL20000B-1.5K,CRANE,Shelf N-2 Shelf 1-1,,,
Coupling Set,DEMAG,35193533,CRANE,Shelf N-2 Shelf 1-1,,,
Coupling Set,DEMAG,35191333,CRANE,Shelf N-2 Shelf 1-1,,,
Rope Guide Left,DEMAG,82280233,CRANE,Shelf N-2 Shelf 1-1,,,	
Emergency Pushbutton,,011-01-00400,CRANE,Shelf N-2 Shelf 1-1,,,	
Locking Latches,,A5210-270,CRANE,Shelf N-2 Shelf 1-1,,,MC4
Wire Rope Set,DEMAG,14642503,CRANE,Shelf N-2 Shelf 1-1,,,
Cap Gummi Set,DEMAG,87404533,CRANE,Shelf N-2 Shelf 1-1,,,
Conical Brake Ring,DEMAG,07478633,CRANE,Shelf N-2 Shelf 1-1,,,
Shoes,,NA,CRANE,Shelf N-2 Shelf 1-1,,,Shop Crane
Shoes,,C100-B5,CRANE,Shelf N-2 Shelf 1-1,,,
Selenoid Valve,,CJ13701,CRANE,Shelf N-1 Shelf 1-1,,,
Assembly Set,DEMAG,75259933,CRANE,Shelf N-1 Shelf 1-1,,,
Crane Hoist Motor Control Drive,,M1046CXR,CRANE,Shelf N-1 Shelf 1-1,,,10HP 16.5FLA
Crane Sham Arms,NA,CRANE,,Shelf N-1 Shelf 1-1,,,30AMP
Cable 25FT,,14004310025,,Shelf N-2 Shelf 1-2,,,
Oil Flow Switch,,M3A6HB01,,Shelf N-2 Shelf 1-2,,,Mixer
HYD Motor,,158-1430-001,,Shelf N-2 Shelf 1-1,,,MBK Cage Robot
HYD Motor,,101-1034-009,,Shelf N-2 Shelf 1-1,,,
HYD Motor,,TB0365FS100AAAA,,Shelf N-2 Shelf 1-1,,,MCC4 Bigger motor for mud pan
HYD Motor,,109-1106-006,,Shelf N-2 Shelf 1-1,,,HYD-PU0250
HYD Motor,,104-1253-006,,Shelf N-2 Shelf 1-1,HYD-PU0276,,HWK Table
Latch,,325,,Shelf N-2 Shelf 1-1,,,,
HYD Motor,,101-1013-009,,Shelf N-2 Shelf 1-2,,,MC 3 and 4 Mud Pan
MAC Air Valve BASE,,82A-OA-CAA,,Shelf N-3 Shelf 1-1,,,
MAC Air Valve,,82A-BC-000-TM-DAAP-1DA,,Shelf N-3 Shelf 1-1,,,
Selenoid Valve,,8210G002MO,,Shelf N-3 Shelf 1-1,,,1/2 2W
Selenoid Valve,,8342G003,,Shelf N-3 Shelf 1-1,,,3/8 4W MC4
HYD Motor,,112-1068-006,,Shelf N-2 Shelf 1-2,,,BDU Turner Motor
Selenoid Valve,,73218BN4UN00N0C111P3,,Shelf N-3 Shelf 1-1,,,,
Solid State Relay,,SNC-R2025-501,,Shelf N-3 Shelf 1-1,,,Input 70-140V ACbOutput N.O. 48-300 VAC 25AMP
Prop Valve Plug Amplifier,,01302-700014,,Shelf N-3 Shelf 1-1,,,,
Encoder,,0162-6-000043,,Shelf N-3 Shelf 1-1,,,
Valve,,R978908566,,Shelf N-3 Shelf 1-1,,,MCC3
Socket Head Shoulder bolts,,#14011,,Shelf N-3 Shelf 1-1,362-1096-01-0005,,For 30 and 36 jackets
Starter Coil,,LX1-FG095,,Shelf N-3 Shelf 1-1,,,MC3
Encoder Cable + Connector,,01626-000040,,Shelf N-3 Shelf 1-1,,,,
Batteries,,COMP-221,,Shelf N-3 Shelf 1-1,,,3V 1800mAh
Proximity Sensor,,COM-EL2136,,Shelf N-3 Shelf 1-1,XS618B1MAU20,,MC4
Turck Urofast Connector 4,,07-7618247,,Shelf N-3 Shelf 1-1,,,,
Seal Kit Rotary Manifold,,07-140192,,Shelf N-3 Shelf 1-1,,,,
Plug Connector Assembly,,07-72411,,Shelf N-3 Shelf 1-1,,,,
Plug Bolt,,025561-1,,Shelf N-3 Shelf 1-1,07-7848533-1,BESSER,This bolt and spring go together as an Assembly
Spring,,025314,,Shelf N-3 Shelf 1-1,07-7848533-1,BESSER,This spring and bolt go together as an Assembly
Flow Control Module,,07-73752,,Shelf N-3 Shelf 1-1,,,,
EDC Kit,,07-7822053,,Shelf N-3 Shelf 1-1,,,EDC Kit for series 42 pump
Nuts washers lock washers,,NA,,Shelf N-3 Shelf 1-1,,,For 30 and 36 Forms
Output Card,,140DAO84210,,Shelf N-3 Shelf 1-1,,,MCC3
Output Card,,140DRA84000,,Shelf N-3 Shelf 1-1,,,MCC3
Output Card,,140EHC20200,,Shelf N-3 Shelf 1-1,,,MCC3
Load Locking Valve,,07-3003610,,Shelf N-3 Shelf 1-1,,,,
Valve,,01302-700007,,Shelf N-3 Shelf 1-1,,,Prop Valve D05 2 Pos W/LVDT
Valve,,07-7845776,,Shelf N-3 Shelf 1-1,,,Valve D03 Pilot for D08
Air Cylinder,,07-3020446,,Shelf N-3 Shelf 1-1,,,,
Gasket,,4800301,,Shelf N-3 Shelf 1-1,,,Gasket For 7822053
Flexible Coupling,,3AN-14-91-M,,Shelf N-3 Shelf 1-2,,,Bore 1 3/16-14-91-M key 1/4
HYD Motor Mount Plate,,07-4300373,,Shelf N-3 Shelf 1-2,,,,
Coupling Flex ASSY,,01591-000020,,Shelf N-3 Shelf 1-2,,,TLB 2 125Bore 500 Key+15T Spline
Valve,,0811403104,,Shelf N-3 Shelf 1-1,,,,
Cage Positioner Blade,,HMI-100132615,,Shelf N-3 Shelf 1-2,,,,
Isolator,,28813,,Shelf N-3 Shelf 1-2,,,,
Isolator,,NA,,Shelf N-3 Shelf 1-2,,,MC3
Female Involute Spline Hub,,07-2001435,,Shelf N-3 Shelf 1-2,,,,
Bearing Retainer,,78917,,Shelf N-3 Shelf 1-2,,,,
Vibrator,,BM36-3450,,Shelf N-3 Shelf 1-3,,,12" only
Vibrator,,MVE-1300/365-55A2,,Shelf N-3 Shelf 1-3,,,,
Motor,,EM3558,,Shelf N-3 Shelf 1-3,,,,
Epak Ink,,59461121,,Shelf P-3 Shelf 1-1,,,,
Epak Cleaner,,1950-CL-TKE CLEANER,,Shelf P-3 Shelf 1-1,,,,
MIG Spool Gun,,130831,,Shelf P-3 Shelf 1-1,,,,
?,,EL-004-441,,Shelf P-3 Shelf 1-3,,,,
Compressor Belts,,XPA-1232-3922,,Shelf P-3 Shelf 1-2,,,,
Automatic Lubricator (Refils),,LAGD-125/WA2,,Shelf P-3 Shelf 1-2,,,,
Bearing,,TB22447H,,Shelf P-2 Shelf 1-2,,,2 15/16 Takeup Roller BRG
Air Cylinder,,CYL-9935643,,Shelf P-2 Shelf 1-1,,,Bore/Stroke 4X8 250PSI Max
Air Cylinder,,D64080DT-M,,Shelf P-2 Shelf 1-1,,,4.0" Bore 8" STR Double acting Tapped sides mag piston
Turnbuckle,,167535,,Shelf P-2 Shelf 1-2,,,MC1 Mud Belt Turnbuckle
Bellows,,07-4300812,,Shelf N-3 Shelf 1-1,,,,
Carbon Belt,,8MGT-1000-12,,Shelf P-3 TOP Shelf,,,,
Carbon Belt,,1000-8MDC,,Shelf P-3 TOP Shelf,,,,
Carbon Belt,,3/B105,,Shelf P-3 TOP Shelf,,,,
Carbon Belt,,8MGT-1200-21,,Shelf P-3 TOP Shelf,,,,
Carbon Belt,,1200-8MDC,,Shelf P-3 TOP Shelf,,,,
Carbon Belt,,8MGT-1120-36,,Shelf P-2 TOP Shelf,,,,
Carbon Belt,,8MGT-1200-12,,Shelf P-2 TOP Shelf,,,,
Carbon Belt,,14MGT-2380-37,,Shelf P-2 TOP Shelf,,,,
Carbon Belt,,4/B85,,Shelf P-2 TOP Shelf,,,,
Clevis,,DPC-5,,Shelf P-2 Shel 1-1,,,4 Bore
Clevis,,DRC-4,,Shelf P-2 Shel 1-1,,,,
Tatch-A-Cleat,,99504,,Shelf P-2 Shel 1-2,,,L1-B 2 Boxes
Tatch-A-Cleat,,99512,,Shelf P-2 Shel 1-2,,,L2-B 2 Boxes
Spacer Bolt,,BSM-007-391,MBK,Shelf B-4 Bin 6-6,,,,
Sealing Ring,,SAS-PN-001-063,MBK,Shelf B-4 Bin 6-6,,,,
Sealing Ring Aluminium,,SAS-PN-001-094,MBK,Shelf B-4 Bin 6-6,,,,	
Selenoid,,HY-001-170-02,MBK,Shelf B-4 Bin 2-5,,,MBK1 MBK2 And MBK5 Automatic Cutter
Tapered Table Wheels,,66710-18,MC,Shelf N-3 Shelf 1-2,,,,
Tapered Table Wheels,,66710-13,MC,Shelf N-3 Shelf 1-2,,,,
Microswitch,,MK-V11D10,BUTT WELDER,Shelf E-1 Bin 8-1,,,SCREW WITH SELF-LIFTING PLATE 1NO+1NC IP40 (WITH TERMINAL COVER) DIRECT ACTUATION THREADED PLUNGER SILVER CONTACTS STANDARD ROLLER -25 - 85 DEGREE C 
Annealing Jaws N12,,380057,BUTT WELDER,Shelf E-1 Bin 8-1,,,,
Contact Blocks,,ZBE101,BUTT WELDER,Shelf E-1 Bin 8-1,,,,
Probe Cable,BALLUFF,BES01AH,,Cables Peg Board,,,,
Prox Sensor Cable,,COM-EL1841,,Cables Peg Board,,,,
Cable Switch,,HYD-LY2205,,Cables Peg Board,,,,
Cable,,HCP-PP9998,,Cables Peg Board,,,,
Cable Magnetsensor,,COM-ELE0701,,Cables Peg Board,,,,
Cable Magnetsensor,,COM-EL0628,,Cables Peg Board,,,,
Cable,,SAS-ELE-001-484,,Cables Peg Board,,,,	
Cable Prox Switch,,SAS-EL-001-484,,Cables Peg Board,,,,
Cable,,SAS-UMQ10,,Cables Peg Board,,,MBK,
Cable Prox Switch,,HYD-CY1020,,Cables Peg Board,,,,
Cable Prox Sensor,,01621-000022,,Cables Peg Board,,,,
Cable,,1210503215,,Cables Peg Board,,,,
Cable Prox Angle 4 Wires,,R-FA4TZV0715,,Cables Peg Board,,,,				
Cable Prox Straight 3 Wires,,U-FS3TAV315,,Cables Peg Board,,,,			
Cable Prox Angle 3 Wires,,R-FA4TZV075,,Cables Peg Board,,,,
Cable Prox Straight 4 Wires,,R-FS4TZ-V885,,Cables Peg Board,,,,
Cable Mini Style Connector 1M,BESSER,07-7618252,MC,Cables Peg Board,XZC-PV1670L2,TELEMECANIQUE,,
Cable Mini Style Connector 5M,BESSER,07-7618252,MC,Cables Peg Board,XZC-PV1670L5,TELEMECANIQUE,,
Cable,,R901420491,MC,Cables Peg Board,R901420491,TELEMECANIQUE,	
Antenna and Cable,,R0ANTE00E68A0,,Cables Peg Board,,,Dualband antenna and connector cable
Cable,,COM-EL0566,,Cables Peg Board,,,,
Cable Prox Switch,,01621-000022,,Cables Peg Board,,,,
Cable Retroreflective Sensor,,42EF-P2MPB-F4,,Cables Peg Board,,,,
Cable Magnetic Reed Switch,,RS-105L,,Cables Peg Board,,,,
Cable MSUD Plug,,7000-18021-6160300,,Cables Peg Board,,,,
Cable,,247784,,Cables Peg Board,,,,
Breaker Resistor,,POW-M0707,PALLET STACKER,Shelf A-6 Shelf 1-1,,,Pallet Stacker
Mounting Bracket,,RS-30,,Shelf B-8 Shelf 1-4,,,,	
?,,TSXDEY16A4,,Shelf N-2 Shelf 1-2,,,,
?,,TSXCTY2C,,Shelf N-2 Shelf 1-2,,,,
Retaining Ring,,01241-000029,MC,Shelf N-3 Shelf 1-2,,,MC4
?,,53517-1,MC,Shelf N-3 Shelf 1-2,,,,
?,,59511-1,MC,Shelf N-3 Shelf 1-2,,,,
Load Cell,,33061,EPAC,Shelf N-1 Shelf 1-1,,,EPAC 2
Crane Bumper,,81109844,HWK,Shelf N-1 Shelf 1-2,,,HWK Crane Bumper
Collector,,XA-8BC-120T-21-JT-E,,Shelf N-2 TOP Shelf,,,,
Control Relay,BESSER,01644-000085,,Shelf N-2 Shelf 1-2,,,ICE 8501 120VAC Base Square
Rope Guide Right,,82564233,,Shelf N-1 Shelf 1-1,,,,
Power Supply,,TRIO-PS-2G/3AC/24DC/20,,Shelf B-7 Shelf 1-1,,,,
Power Supply,,6EP1436-3BA00,,Shelf B-7 Shelf 1-1,,,,
Mounting Bracket,,21U851,,Shelf B-7 Shelf 1-1,PS707P,PARKER,mounting brackets to secure filter regulator or lubricator modules
Regulator,,R24-801-RGXA,,Shelf B-7 Shelf 1-1,,,,
Switch,,RD60-3,PALLET STACKER,Shelf A-8 Bin 10-4,,,60A 600V UL98
Tune Up Kit,,259935,,Shelf C-2 Shelf 1-2,,,For new welder Kubota motor
Turn Table Springs,,0344956,,Shelf B-4 Bin 8-3,,,MC EPAK
Spacer,,HCP-FC-30042,,Shelf B-6 Shelf 1-3,,,,
?,,HCP-78157,,Shelf B-6 Shelf 1-3,,,,
?,,HCP-96336,,Shelf B-6 Shelf 1-3,,,,
?,,EL-003-571,,Shelf B-6 Shelf 1-3,,,,
?,,FT-003-134,,Shelf B-5 Shelf 1-3,,,,
?,,FT-003-105,,Shelf B-5 Shelf 1-4,,,,
?,,FT-003-142,,Shelf B-5 Shelf 1-5,,,,
?,,FT-003-139,,Shelf B-5 Shelf 1-6,,,,
Flexible Impeller Pump,,5UXL9,,Peg Bord TOP Shelf,,,,
HYD Filter,,1267817,,Shelf C-1 Shelf 1-1,,,,
HYD Filter,GRAINGER,2NMR9,,Shelf C-1 Shelf 1-1,,,,
Adapter HYD Filter,GRAINGER,2NMT4,,Shelf C-1 Shelf 1-1,,,Adapter for filter 2NMR9
